Workbook

Sheet Нэгтгэл
A1: ................ ЦЭЦЭРЛЭГИЙН БАГА БҮЛГИЙН (2 НАС) ГАРААНЫ (ОНОШЛОХ) ҮНЭЛГЭЭНИЙ НЭГТГЭЛ
A2: Огноо: 20.... оны .... сар Багш: .................... Хүүхдийн кодыг B баганад бичнэ. (хөтөлбөрийн 25–36 сарын үзүүлэлт)
A3: № | B3: Хүүхдийн код | C3: «Чадна» хувь (%) | F3: Нийт чадна (31-аас) | G3: Нийт хувь | H3: Түвшин | J3: Түвшний босго (%) — өөрчилж болно
C4: Хөгжлийн чиглэл | J4: Хангалттай эзэмшиж байна ≥ | K4: 80
C5: Бие бялдар | D5: Нийгэмшихүй, сэтгэл хөдлөл | E5: Танин мэдэхүй | J5: Ахиж байна ≥ | K5: 50
C6: 8 | D6: 5 | E6: 18 | J6: Бусад нь «Хөгжиж байна» (А/79, 2.10)
A7: 1 | B7: Х-01 | C7: =IF(COUNT('Бие бялдар'!D7:K7)=0,"",ROUND(COUNTIF('Бие бялдар'!D7:K7,1)/8*100,1)) | D7: =IF(COUNT('Нийгэмшихүй, сэтгэл хөдлөл'!D7:H7)=0,"",ROUND(COUNTIF('Нийгэмшихүй, сэтгэл хөдлөл'!D7:H7,1)/5*100,1)) | E7: =IF(COUNT('Танин мэдэхүй'!D7:U7)=0,"",ROUND(COUNTIF('Танин мэдэхүй'!D7:U7,1)/18*100,1)) | F7: =COUNTIF('Бие бялдар'!D7:K7,1)+COUNTIF('Нийгэмшихүй, сэтгэл хөдлөл'!D7:H7,1)+COUNTIF('Танин мэдэхүй'!D7:U7,1) | G7: =IF((COUNT('Бие бялдар'!D7:K7)+COUNT('Нийгэмшихүй, сэтгэл хөдлөл'!D7:H7)+COUNT('Танин мэдэхүй'!D7:U7))=0,"",ROUND(F7/31*100,1)) | H7: =IF(G7="","",IF(G7>=Нэгтгэл!$K$4,"Хангалттай эзэмшиж байна",IF(G7>=Нэгтгэл!$K$5,"Ахиж байна","Хөгжиж байна")))
A8: 2 | B8: Х-02 | C8: =IF(COUNT('Бие бялдар'!D8:K8)=0,"",ROUND(COUNTIF('Бие бялдар'!D8:K8,1)/8*100,1)) | D8: =IF(COUNT('Нийгэмшихүй, сэтгэл хөдлөл'!D8:H8)=0,"",ROUND(COUNTIF('Нийгэмшихүй, сэтгэл хөдлөл'!D8:H8,1)/5*100,1)) | E8: =IF(COUNT('Танин мэдэхүй'!D8:U8)=0,"",ROUND(COUNTIF('Танин мэдэхүй'!D8:U8,1)/18*100,1)) | F8: =COUNTIF('Бие бялдар'!D8:K8,1)+COUNTIF('Нийгэмшихүй, сэтгэл хөдлөл'!D8:H8,1)+COUNTIF('Танин мэдэхүй'!D8:U8,1) | G8: =IF((COUNT('Бие бялдар'!D8:K8)+COUNT('Нийгэмшихүй, сэтгэл хөдлөл'!D8:H8)+COUNT('Танин мэдэхүй'!D8:U8))=0,"",ROUND(F8/31*100,1)) | H8: =IF(G8="","",IF(G8>=Нэгтгэл!$K$4,"Хангалттай эзэмшиж байна",IF(G8>=Нэгтгэл!$K$5,"Ахиж байна","Хөгжиж байна")))
A9: 3 | B9: Х-03 | C9: =IF(COUNT('Бие бялдар'!D9:K9)=0,"",ROUND(COUNTIF('Бие бялдар'!D9:K9,1)/8*100,1)) | D9: =IF(COUNT('Нийгэмшихүй, сэтгэл хөдлөл'!D9:H9)=0,"",ROUND(COUNTIF('Нийгэмшихүй, сэтгэл хөдлөл'!D9:H9,1)/5*100,1)) | E9: =IF(COUNT('Танин мэдэхүй'!D9:U9)=0,"",ROUND(COUNTIF('Танин мэдэхүй'!D9:U9,1)/18*100,1)) | F9: =COUNTIF('Бие бялдар'!D9:K9,1)+COUNTIF('Нийгэмшихүй, сэтгэл хөдлөл'!D9:H9,1)+COUNTIF('Танин мэдэхүй'!D9:U9,1) | G9: =IF((COUNT('Бие бялдар'!D9:K9)+COUNT('Нийгэмшихүй, сэтгэл хөдлөл'!D9:H9)+COUNT('Танин мэдэхүй'!D9:U9))=0,"",ROUND(F9/31*100,1)) | H9: =IF(G9="","",IF(G9>=Нэгтгэл!$K$4,"Хангалттай эзэмшиж байна",IF(G9>=Нэгтгэл!$K$5,"Ахиж байна","Хөгжиж байна")))
A10: 4 | B10: Х-04 | C10: =IF(COUNT('Бие бялдар'!D10:K10)=0,"",ROUND(COUNTIF('Бие бялдар'!D10:K10,1)/8*100,1)) | D10: =IF(COUNT('Нийгэмшихүй, сэтгэл хөдлөл'!D10:H10)=0,"",ROUND(COUNTIF('Нийгэмшихүй, сэтгэл хөдлөл'!D10:H10,1)/5*100,1)) | E10: =IF(COUNT('Танин мэдэхүй'!D10:U10)=0,"",ROUND(COUNTIF('Танин мэдэхүй'!D10:U10,1)/18*100,1)) | F10: =COUNTIF('Бие бялдар'!D10:K10,1)+COUNTIF('Нийгэмшихүй, сэтгэл хөдлөл'!D10:H10,1)+COUNTIF('Танин мэдэхүй'!D10:U10,1) | G10: =IF((COUNT('Бие бялдар'!D10:K10)+COUNT('Нийгэмшихүй, сэтгэл хөдлөл'!D10:H10)+COUNT('Танин мэдэхүй'!D10:U10))=0,"",ROUND(F10/31*100,1)) | H10: =IF(G10="","",IF(G10>=Нэгтгэл!$K$4,"Хангалттай эзэмшиж байна",IF(G10>=Нэгтгэл!$K$5,"Ахиж байна","Хөгжиж байна")))
A11: 5 | B11: Х-05 | C11: =IF(COUNT('Бие бялдар'!D11:K11)=0,"",ROUND(COUNTIF('Бие бялдар'!D11:K11,1)/8*100,1)) | D11: =IF(COUNT('Нийгэмшихүй, сэтгэл хөдлөл'!D11:H11)=0,"",ROUND(COUNTIF('Нийгэмшихүй, сэтгэл хөдлөл'!D11:H11,1)/5*100,1)) | E11: =IF(COUNT('Танин мэдэхүй'!D11:U11)=0,"",ROUND(COUNTIF('Танин мэдэхүй'!D11:U11,1)/18*100,1)) | F11: =COUNTIF('Бие бялдар'!D11:K11,1)+COUNTIF('Нийгэмшихүй, сэтгэл хөдлөл'!D11:H11,1)+COUNTIF('Танин мэдэхүй'!D11:U11,1) | G11: =IF((COUNT('Бие бялдар'!D11:K11)+COUNT('Нийгэмшихүй, сэтгэл хөдлөл'!D11:H11)+COUNT('Танин мэдэхүй'!D11:U11))=0,"",ROUND(F11/31*100,1)) | H11: =IF(G11="","",IF(G11>=Нэгтгэл!$K$4,"Хангалттай эзэмшиж байна",IF(G11>=Нэгтгэл!$K$5,"Ахиж байна","Хөгжиж байна")))
A12: 6 | B12: Х-06 | C12: =IF(COUNT('Бие бялдар'!D12:K12)=0,"",ROUND(COUNTIF('Бие бялдар'!D12:K12,1)/8*100,1)) | D12: =IF(COUNT('Нийгэмшихүй, сэтгэл хөдлөл'!D12:H12)=0,"",ROUND(COUNTIF('Нийгэмшихүй, сэтгэл хөдлөл'!D12:H12,1)/5*100,1)) | E12: =IF(COUNT('Танин мэдэхүй'!D12:U12)=0,"",ROUND(COUNTIF('Танин мэдэхүй'!D12:U12,1)/18*100,1)) | F12: =COUNTIF('Бие бялдар'!D12:K12,1)+COUNTIF('Нийгэмшихүй, сэтгэл хөдлөл'!D12:H12,1)+COUNTIF('Танин мэдэхүй'!D12:U12,1) | G12: =IF((COUNT('Бие бялдар'!D12:K12)+COUNT('Нийгэмшихүй, сэтгэл хөдлөл'!D12:H12)+COUNT('Танин мэдэхүй'!D12:U12))=0,"",ROUND(F12/31*100,1)) | H12: =IF(G12="","",IF(G12>=Нэгтгэл!$K$4,"Хангалттай эзэмшиж байна",IF(G12>=Нэгтгэл!$K$5,"Ахиж байна","Хөгжиж байна")))
A13: 7 | B13: Х-07 | C13: =IF(COUNT('Бие бялдар'!D13:K13)=0,"",ROUND(COUNTIF('Бие бялдар'!D13:K13,1)/8*100,1)) | D13: =IF(COUNT('Нийгэмшихүй, сэтгэл хөдлөл'!D13:H13)=0,"",ROUND(COUNTIF('Нийгэмшихүй, сэтгэл хөдлөл'!D13:H13,1)/5*100,1)) | E13: =IF(COUNT('Танин мэдэхүй'!D13:U13)=0,"",ROUND(COUNTIF('Танин мэдэхүй'!D13:U13,1)/18*100,1)) | F13: =COUNTIF('Бие бялдар'!D13:K13,1)+COUNTIF('Нийгэмшихүй, сэтгэл хөдлөл'!D13:H13,1)+COUNTIF('Танин мэдэхүй'!D13:U13,1) | G13: =IF((COUNT('Бие бялдар'!D13:K13)+COUNT('Нийгэмшихүй, сэтгэл хөдлөл'!D13:H13)+COUNT('Танин мэдэхүй'!D13:U13))=0,"",ROUND(F13/31*100,1)) | H13: =IF(G13="","",IF(G13>=Нэгтгэл!$K$4,"Хангалттай эзэмшиж байна",IF(G13>=Нэгтгэл!$K$5,"Ахиж байна","Хөгжиж байна")))
A14: 8 | B14: Х-08 | C14: =IF(COUNT('Бие бялдар'!D14:K14)=0,"",ROUND(COUNTIF('Бие бялдар'!D14:K14,1)/8*100,1)) | D14: =IF(COUNT('Нийгэмшихүй, сэтгэл хөдлөл'!D14:H14)=0,"",ROUND(COUNTIF('Нийгэмшихүй, сэтгэл хөдлөл'!D14:H14,1)/5*100,1)) | E14: =IF(COUNT('Танин мэдэхүй'!D14:U14)=0,"",ROUND(COUNTIF('Танин мэдэхүй'!D14:U14,1)/18*100,1)) | F14: =COUNTIF('Бие бялдар'!D14:K14,1)+COUNTIF('Нийгэмшихүй, сэтгэл хөдлөл'!D14:H14,1)+COUNTIF('Танин мэдэхүй'!D14:U14,1) | G14: =IF((COUNT('Бие бялдар'!D14:K14)+COUNT('Нийгэмшихүй, сэтгэл хөдлөл'!D14:H14)+COUNT('Танин мэдэхүй'!D14:U14))=0,"",ROUND(F14/31*100,1)) | H14: =IF(G14="","",IF(G14>=Нэгтгэл!$K$4,"Хангалттай эзэмшиж байна",IF(G14>=Нэгтгэл!$K$5,"Ахиж байна","Хөгжиж байна")))
A15: 9 | B15: Х-09 | C15: =IF(COUNT('Бие бялдар'!D15:K15)=0,"",ROUND(COUNTIF('Бие бялдар'!D15:K15,1)/8*100,1)) | D15: =IF(COUNT('Нийгэмшихүй, сэтгэл хөдлөл'!D15:H15)=0,"",ROUND(COUNTIF('Нийгэмшихүй, сэтгэл хөдлөл'!D15:H15,1)/5*100,1)) | E15: =IF(COUNT('Танин мэдэхүй'!D15:U15)=0,"",ROUND(COUNTIF('Танин мэдэхүй'!D15:U15,1)/18*100,1)) | F15: =COUNTIF('Бие бялдар'!D15:K15,1)+COUNTIF('Нийгэмшихүй, сэтгэл хөдлөл'!D15:H15,1)+COUNTIF('Танин мэдэхүй'!D15:U15,1) | G15: =IF((COUNT('Бие бялдар'!D15:K15)+COUNT('Нийгэмшихүй, сэтгэл хөдлөл'!D15:H15)+COUNT('Танин мэдэхүй'!D15:U15))=0,"",ROUND(F15/31*100,1)) | H15: =IF(G15="","",IF(G15>=Нэгтгэл!$K$4,"Хангалттай эзэмшиж байна",IF(G15>=Нэгтгэл!$K$5,"Ахиж байна","Хөгжиж байна")))
A16: 10 | B16: Х-10 | C16: =IF(COUNT('Бие бялдар'!D16:K16)=0,"",ROUND(COUNTIF('Бие бялдар'!D16:K16,1)/8*100,1)) | D16: =IF(COUNT('Нийгэмшихүй, сэтгэл хөдлөл'!D16:H16)=0,"",ROUND(COUNTIF('Нийгэмшихүй, сэтгэл хөдлөл'!D16:H16,1)/5*100,1)) | E16: =IF(COUNT('Танин мэдэхүй'!D16:U16)=0,"",ROUND(COUNTIF('Танин мэдэхүй'!D16:U16,1)/18*100,1)) | F16: =COUNTIF('Бие бялдар'!D16:K16,1)+COUNTIF('Нийгэмшихүй, сэтгэл хөдлөл'!D16:H16,1)+COUNTIF('Танин мэдэхүй'!D16:U16,1) | G16: =IF((COUNT('Бие бялдар'!D16:K16)+COUNT('Нийгэмшихүй, сэтгэл хөдлөл'!D16:H16)+COUNT('Танин мэдэхүй'!D16:U16))=0,"",ROUND(F16/31*100,1)) | H16: =IF(G16="","",IF(G16>=Нэгтгэл!$K$4,"Хангалттай эзэмшиж байна",IF(G16>=Нэгтгэл!$K$5,"Ахиж байна","Хөгжиж байна")))
A17: 11 | B17: Х-11 | C17: =IF(COUNT('Бие бялдар'!D17:K17)=0,"",ROUND(COUNTIF('Бие бялдар'!D17:K17,1)/8*100,1)) | D17: =IF(COUNT('Нийгэмшихүй, сэтгэл хөдлөл'!D17:H17)=0,"",ROUND(COUNTIF('Нийгэмшихүй, сэтгэл хөдлөл'!D17:H17,1)/5*100,1)) | E17: =IF(COUNT('Танин мэдэхүй'!D17:U17)=0,"",ROUND(COUNTIF('Танин мэдэхүй'!D17:U17,1)/18*100,1)) | F17: =COUNTIF('Бие бялдар'!D17:K17,1)+COUNTIF('Нийгэмшихүй, сэтгэл хөдлөл'!D17:H17,1)+COUNTIF('Танин мэдэхүй'!D17:U17,1) | G17: =IF((COUNT('Бие бялдар'!D17:K17)+COUNT('Нийгэмшихүй, сэтгэл хөдлөл'!D17:H17)+COUNT('Танин мэдэхүй'!D17:U17))=0,"",ROUND(F17/31*100,1)) | H17: =IF(G17="","",IF(G17>=Нэгтгэл!$K$4,"Хангалттай эзэмшиж байна",IF(G17>=Нэгтгэл!$K$5,"Ахиж байна","Хөгжиж байна")))
A18: 12 | B18: Х-12 | C18: =IF(COUNT('Бие бялдар'!D18:K18)=0,"",ROUND(COUNTIF('Бие бялдар'!D18:K18,1)/8*100,1)) | D18: =IF(COUNT('Нийгэмшихүй, сэтгэл хөдлөл'!D18:H18)=0,"",ROUND(COUNTIF('Нийгэмшихүй, сэтгэл хөдлөл'!D18:H18,1)/5*100,1)) | E18: =IF(COUNT('Танин мэдэхүй'!D18:U18)=0,"",ROUND(COUNTIF('Танин мэдэхүй'!D18:U18,1)/18*100,1)) | F18: =COUNTIF('Бие бялдар'!D18:K18,1)+COUNTIF('Нийгэмшихүй, сэтгэл хөдлөл'!D18:H18,1)+COUNTIF('Танин мэдэхүй'!D18:U18,1) | G18: =IF((COUNT('Бие бялдар'!D18:K18)+COUNT('Нийгэмшихүй, сэтгэл хөдлөл'!D18:H18)+COUNT('Танин мэдэхүй'!D18:U18))=0,"",ROUND(F18/31*100,1)) | H18: =IF(G18="","",IF(G18>=Нэгтгэл!$K$4,"Хангалттай эзэмшиж байна",IF(G18>=Нэгтгэл!$K$5,"Ахиж байна","Хөгжиж байна")))
... A55: 49 | B55: Х-49 | C55: =IF(COUNT('Бие бялдар'!D55:K55)=0,"",ROUND(COUNTIF('Бие бялдар'!D55:K55,1)/8*100,1)) | D55: =IF(COUNT('Нийгэмшихүй, сэтгэл хөдлөл'!D55:H55)=0,"",ROUND(COUNTIF('Нийгэмшихүй, сэтгэл хөдлөл'!D55:H55,1)/5*100,1)) | E55: =IF(COUNT('Танин мэдэхүй'!D55:U55)=0,"",ROUND(COUNTIF('Танин мэдэхүй'!D55:U55,1)/18*100,1)) | F55: =COUNTIF('Бие бялдар'!D55:K55,1)+COUNTIF('Нийгэмшихүй, сэтгэл хөдлөл'!D55:H55,1)+COUNTIF('Танин мэдэхүй'!D55:U55,1) | G55: =IF((COUNT('Бие бялдар'!D55:K55)+COUNT('Нийгэмшихүй, сэтгэл хөдлөл'!D55:H55)+COUNT('Танин мэдэхүй'!D55:U55))=0,"",ROUND(F55/31*100,1)) | H55: =IF(G55="","",IF(G55>=Нэгтгэл!$K$4,"Хангалттай эзэмшиж байна",IF(G55>=Нэгтгэл!$K$5,"Ахиж байна","Хөгжиж байна")))
A56: Бүлгийн дундаж хувь | C56: =IFERROR(ROUND(AVERAGE(C7:C55),1),"") | D56: =IFERROR(ROUND(AVERAGE(D7:D55),1),"") | E56: =IFERROR(ROUND(AVERAGE(E7:E55),1),"") | G56: =IFERROR(ROUND(AVERAGE(G7:G55),1),"")
A57: Хангалттай эзэмшиж байна (тоо) | C57: =COUNTIFS(C7:C55,">="&Нэгтгэл!$K$4) | D57: =COUNTIFS(D7:D55,">="&Нэгтгэл!$K$4) | E57: =COUNTIFS(E7:E55,">="&Нэгтгэл!$K$4) | G57: =COUNTIFS(G7:G55,">="&Нэгтгэл!$K$4) | H57: =COUNTIF(H7:H55,"Хангалттай эзэмшиж байна")
A58: Ахиж байна (тоо) | C58: =COUNTIFS(C7:C55,">="&Нэгтгэл!$K$5,C7:C55,"<"&Нэгтгэл!$K$4) | D58: =COUNTIFS(D7:D55,">="&Нэгтгэл!$K$5,D7:D55,"<"&Нэгтгэл!$K$4) | E58: =COUNTIFS(E7:E55,">="&Нэгтгэл!$K$5,E7:E55,"<"&Нэгтгэл!$K$4) | G58: =COUNTIFS(G7:G55,">="&Нэгтгэл!$K$5,G7:G55,"<"&Нэгтгэл!$K$4) | H58: =COUNTIF(H7:H55,"Ахиж байна")
A59: Хөгжиж байна (тоо) | C59: =COUNTIFS(C7:C55,"<"&Нэгтгэл!$K$5) | D59: =COUNTIFS(D7:D55,"<"&Нэгтгэл!$K$5) | E59: =COUNTIFS(E7:E55,"<"&Нэгтгэл!$K$5) | G59: =COUNTIFS(G7:G55,"<"&Нэгтгэл!$K$5) | H59: =COUNTIF(H7:H55,"Хөгжиж байна")

Sheet Бие бялдар
A1: ................ ЦЭЦЭРЛЭГИЙН БАГА БҮЛГИЙН (2 НАС) ГАРААНЫ (ОНОШЛОХ) ҮНЭЛГЭЭ
A2: Хөгжлийн чиглэл: Бие бялдар Огноо: 20.... оны .... сар Багш: ................................ Чадна = 1, Чадахгүй = 0 (А/79-ийн 2.4: «Нялх, балчир насны хүүхдийн хөгжлийг дэмжих хөтөлбөр», 25–36 сар)
A3: № | B3: Хүүхдийн код | D3: Хөгжлийн чиглэл: Бие бялдар | L3: Чадна (1) | M3: Хувь | N3: Чадахгүй (0) | O3: Хувь | P3: Түвшин
D4: Авирна. | E4: Гүйхдээ сайн, гүйнгээ чигээ өөрчилж огцом эргэнэ. | F4: Гурван дугуйт унана. | G4: Баруун зүүн хөлөө ээлжилж шатаар дээш, доош алхана. | H4: Үсрэхийг оролдоно. | I4: Шүд, гараа угаана. | J4: Хоолоо сайн, удаан зажилж иднэ. | K4: Өөрөө хувцсаа өмсөж тайлна.
D5: СҮД: — (шууд тохирох СҮД байхгүй) | E5: СҮД: ХЭМ1.1г. Байрандаа болон чиглэлээ өөрчилж алхаж, гүйнэ. | F5: СҮД: — (шууд тохирох СҮД байхгүй) | G5: СҮД: ХЭМ1.1л. Шатны бариулаас барьж 10 гишгүүрт өгсөж, уруудна. | H5: СҮД: ХЭМ1.1и. Хоёр хөл дээр байрандаа үсэрч бууна. | I5: СҮД: ХЭМ1.2а. Хувийн ариун цэврийг сахих үйлийг насанд хүрэгчийн дэмжлэгтэйгээр хамтран хийнэ. | J5: СҮД: ХЭМ1.2г. Хоолны хэрэгслийг нэрлэж, зориулалтын дагуу хэрэглэнэ. | K5: СҮД: — (шууд тохирох СҮД байхгүй)
D6: 1 / 0 | E6: 1 / 0 | F6: 1 / 0 | G6: 1 / 0 | H6: 1 / 0 | I6: 1 / 0 | J6: 1 / 0 | K6: 1 / 0
A7: 1 | B7: =IF(Нэгтгэл!B7="","",Нэгтгэл!B7) | D7: 1 | E7: 1 | F7: 1 | G7: 0 | H7: 1 | I7: 1 | J7: 1 | K7: 1 | L7: =COUNTIF(D7:K7,1) | M7: =IF(COUNT(D7:K7)=0,"",ROUND(L7/8*100,1)) | N7: =COUNTIF(D7:K7,0) | O7: =IF(COUNT(D7:K7)=0,"",ROUND(N7/8*100,1)) | P7: =IF(M7="","",IF(M7>=Нэгтгэл!$K$4,"Хангалттай эзэмшиж байна",IF(M7>=Нэгтгэл!$K$5,"Ахиж байна","Хөгжиж байна")))
A8: 2 | B8: =IF(Нэгтгэл!B8="","",Нэгтгэл!B8) | D8: 0 | E8: 1 | F8: 0 | G8: 0 | H8: 0 | I8: 1 | J8: 1 | K8: 1 | L8: =COUNTIF(D8:K8,1) | M8: =IF(COUNT(D8:K8)=0,"",ROUND(L8/8*100,1)) | N8: =COUNTIF(D8:K8,0) | O8: =IF(COUNT(D8:K8)=0,"",ROUND(N8/8*100,1)) | P8: =IF(M8="","",IF(M8>=Нэгтгэл!$K$4,"Хангалттай эзэмшиж байна",IF(M8>=Нэгтгэл!$K$5,"Ахиж байна","Хөгжиж байна")))
A9: 3 | B9: =IF(Нэгтгэл!B9="","",Нэгтгэл!B9) | D9: 1 | E9: 0 | F9: 1 | G9: 0 | H9: 1 | I9: 1 | J9: 1 | K9: 1 | L9: =COUNTIF(D9:K9,1) | M9: =IF(COUNT(D9:K9)=0,"",ROUND(L9/8*100,1)) | N9: =COUNTIF(D9:K9,0) | O9: =IF(COUNT(D9:K9)=0,"",ROUND(N9/8*100,1)) | P9: =IF(M9="","",IF(M9>=Нэгтгэл!$K$4,"Хангалттай эзэмшиж байна",IF(M9>=Нэгтгэл!$K$5,"Ахиж байна","Хөгжиж байна")))
A10: 4 | B10: =IF(Нэгтгэл!B10="","",Нэгтгэл!B10) | D10: 0 | E10: 0 | F10: 0 | G10: 0 | H10: 1 | I10: 1 | J10: 1 | K10: 1 | L10: =COUNTIF(D10:K10,1) | M10: =IF(COUNT(D10:K10)=0,"",ROUND(L10/8*100,1)) | N10: =COUNTIF(D10:K10,0) | O10: =IF(COUNT(D10:K10)=0,"",ROUND(N10/8*100,1)) | P10: =IF(M10="","",IF(M10>=Нэгтгэл!$K$4,"Хангалттай эзэмшиж байна",IF(M10>=Нэгтгэл!$K$5,"Ахиж байна","Хөгжиж байна")))
A11: 5 | B11: =IF(Нэгтгэл!B11="","",Нэгтгэл!B11) | D11: 1 | E11: 1 | F11: 0 | G11: 1 | H11: 1 | I11: 1 | J11: 1 | K11: 1 | L11: =COUNTIF(D11:K11,1) | M11: =IF(COUNT(D11:K11)=0,"",ROUND(L11/8*100,1)) | N11: =COUNTIF(D11:K11,0) | O11: =IF(COUNT(D11:K11)=0,"",ROUND(N11/8*100,1)) | P11: =IF(M11="","",IF(M11>=Нэгтгэл!$K$4,"Хангалттай эзэмшиж байна",IF(M11>=Нэгтгэл!$K$5,"Ахиж байна","Хөгжиж байна")))
A12: 6 | B12: =IF(Нэгтгэл!B12="","",Нэгтгэл!B12) | D12: 1 | E12: 1 | F12: 1 | G12: 1 | H12: 1 | I12: 1 | J12: 0 | K12: 1 | L12: =COUNTIF(D12:K12,1) | M12: =IF(COUNT(D12:K12)=0,"",ROUND(L12/8*100,1)) | N12: =COUNTIF(D12:K12,0) | O12: =IF(COUNT(D12:K12)=0,"",ROUND(N12/8*100,1)) | P12: =IF(M12="","",IF(M12>=Нэгтгэл!$K$4,"Хангалттай эзэмшиж байна",IF(M12>=Нэгтгэл!$K$5,"Ахиж байна","Хөгжиж байна")))
A13: 7 | B13: =IF(Нэгтгэл!B13="","",Нэгтгэл!B13) | D13: 1 | E13: 0 | F13: 1 | G13: 1 | H13: 0 | I13: 1 | J13: 1 | K13: 1 | L13: =COUNTIF(D13:K13,1) | M13: =IF(COUNT(D13:K13)=0,"",ROUND(L13/8*100,1)) | N13: =COUNTIF(D13:K13,0) | O13: =IF(COUNT(D13:K13)=0,"",ROUND(N13/8*100,1)) | P13: =IF(M13="","",IF(M13>=Нэгтгэл!$K$4,"Хангалттай эзэмшиж байна",IF(M13>=Нэгтгэл!$K$5,"Ахиж байна","Хөгжиж байна")))
A14: 8 | B14: =IF(Нэгтгэл!B14="","",Нэгтгэл!B14) | D14: 1 | E14: 1 | F14: 1 | G14: 1 | H14: 0 | I14: 1 | J14: 1 | K14: 1 | L14: =COUNTIF(D14:K14,1) | M14: =IF(COUNT(D14:K14)=0,"",ROUND(L14/8*100,1)) | N14: =COUNTIF(D14:K14,0) | O14: =IF(COUNT(D14:K14)=0,"",ROUND(N14/8*100,1)) | P14: =IF(M14="","",IF(M14>=Нэгтгэл!$K$4,"Хангалттай эзэмшиж байна",IF(M14>=Нэгтгэл!$K$5,"Ахиж байна","Хөгжиж байна")))
A15: 9 | B15: =IF(Нэгтгэл!B15="","",Нэгтгэл!B15) | D15: 1 | E15: 1 | F15: 0 | G15: 1 | H15: 1 | I15: 1 | J15: 0 | K15: 0 | L15: =COUNTIF(D15:K15,1) | M15: =IF(COUNT(D15:K15)=0,"",ROUND(L15/8*100,1)) | N15: =COUNTIF(D15:K15,0) | O15: =IF(COUNT(D15:K15)=0,"",ROUND(N15/8*100,1)) | P15: =IF(M15="","",IF(M15>=Нэгтгэл!$K$4,"Хангалттай эзэмшиж байна",IF(M15>=Нэгтгэл!$K$5,"Ахиж байна","Хөгжиж байна")))
A16: 10 | B16: =IF(Нэгтгэл!B16="","",Нэгтгэл!B16) | D16: 1 | E16: 1 | F16: 1 | G16: 1 | H16: 0 | I16: 1 | J16: 1 | K16: 0 | L16: =COUNTIF(D16:K16,1) | M16: =IF(COUNT(D16:K16)=0,"",ROUND(L16/8*100,1)) | N16: =COUNTIF(D16:K16,0) | O16: =IF(COUNT(D16:K16)=0,"",ROUND(N16/8*100,1)) | P16: =IF(M16="","",IF(M16>=Нэгтгэл!$K$4,"Хангалттай эзэмшиж байна",IF(M16>=Нэгтгэл!$K$5,"Ахиж байна","Хөгжиж байна")))
A17: 11 | B17: =IF(Нэгтгэл!B17="","",Нэгтгэл!B17) | D17: 1 | E17: 1 | F17: 1 | G17: 1 | H17: 1 | I17: 1 | J17: 1 | K17: 1 | L17: =COUNTIF(D17:K17,1) | M17: =IF(COUNT(D17:K17)=0,"",ROUND(L17/8*100,1)) | N17: =COUNTIF(D17:K17,0) | O17: =IF(COUNT(D17:K17)=0,"",ROUND(N17/8*100,1)) | P17: =IF(M17="","",IF(M17>=Нэгтгэл!$K$4,"Хангалттай эзэмшиж байна",IF(M17>=Нэгтгэл!$K$5,"Ахиж байна","Хөгжиж байна")))
A18: 12 | B18: =IF(Нэгтгэл!B18="","",Нэгтгэл!B18) | D18: 1 | E18: 0 | F18: 1 | G18: 1 | H18: 1 | I18: 0 | J18: 0 | K18: 1 | L18: =COUNTIF(D18:K18,1) | M18: =IF(COUNT(D18:K18)=0,"",ROUND(L18/8*100,1)) | N18: =COUNTIF(D18:K18,0) | O18: =IF(COUNT(D18:K18)=0,"",ROUND(N18/8*100,1)) | P18: =IF(M18="","",IF(M18>=Нэгтгэл!$K$4,"Хангалттай эзэмшиж байна",IF(M18>=Нэгтгэл!$K$5,"Ахиж байна","Хөгжиж байна")))
... A55: 49 | B55: =IF(Нэгтгэл!B55="","",Нэгтгэл!B55) | D55: 1 | E55: 1 | F55: 0 | G55: 1 | H55: 1 | I55: 1 | J55: 1 | K55: 0 | L55: =COUNTIF(D55:K55,1) | M55: =IF(COUNT(D55:K55)=0,"",ROUND(L55/8*100,1)) | N55: =COUNTIF(D55:K55,0) | O55: =IF(COUNT(D55:K55)=0,"",ROUND(N55/8*100,1)) | P55: =IF(M55="","",IF(M55>=Нэгтгэл!$K$4,"Хангалттай эзэмшиж байна",IF(M55>=Нэгтгэл!$K$5,"Ахиж байна","Хөгжиж байна")))
A56: Чадна (1) | D56: =COUNTIF(D7:D55,1) | E56: =COUNTIF(E7:E55,1) | F56: =COUNTIF(F7:F55,1) | G56: =COUNTIF(G7:G55,1) | H56: =COUNTIF(H7:H55,1) | I56: =COUNTIF(I7:I55,1) | J56: =COUNTIF(J7:J55,1) | K56: =COUNTIF(K7:K55,1) | L56: Хангалттай эзэмшиж байна | P56: =COUNTIF(P7:P55,"Хангалттай эзэмшиж байна")
A57: Хувь | D57: =IF(COUNT(D7:D55)=0,"",ROUND(COUNTIF(D7:D55,1)/COUNT(D7:D55)*100,1)) | E57: =IF(COUNT(E7:E55)=0,"",ROUND(COUNTIF(E7:E55,1)/COUNT(E7:E55)*100,1)) | F57: =IF(COUNT(F7:F55)=0,"",ROUND(COUNTIF(F7:F55,1)/COUNT(F7:F55)*100,1)) | G57: =IF(COUNT(G7:G55)=0,"",ROUND(COUNTIF(G7:G55,1)/COUNT(G7:G55)*100,1)) | H57: =IF(COUNT(H7:H55)=0,"",ROUND(COUNTIF(H7:H55,1)/COUNT(H7:H55)*100,1)) | I57: =IF(COUNT(I7:I55)=0,"",ROUND(COUNTIF(I7:I55,1)/COUNT(I7:I55)*100,1)) | J57: =IF(COUNT(J7:J55)=0,"",ROUND(COUNTIF(J7:J55,1)/COUNT(J7:J55)*100,1)) | K57: =IF(COUNT(K7:K55)=0,"",ROUND(COUNTIF(K7:K55,1)/COUNT(K7:K55)*100,1)) | L57: Ахиж байна | P57: =COUNTIF(P7:P55,"Ахиж байна")
A58: Чадахгүй (0) | D58: =COUNTIF(D7:D55,0) | E58: =COUNTIF(E7:E55,0) | F58: =COUNTIF(F7:F55,0) | G58: =COUNTIF(G7:G55,0) | H58: =COUNTIF(H7:H55,0) | I58: =COUNTIF(I7:I55,0) | J58: =COUNTIF(J7:J55,0) | K58: =COUNTIF(K7:K55,0) | L58: Хөгжиж байна | P58: =COUNTIF(P7:P55,"Хөгжиж байна")
A59: Хувь | D59: =IF(COUNT(D7:D55)=0,"",ROUND(COUNTIF(D7:D55,0)/COUNT(D7:D55)*100,1)) | E59: =IF(COUNT(E7:E55)=0,"",ROUND(COUNTIF(E7:E55,0)/COUNT(E7:E55)*100,1)) | F59: =IF(COUNT(F7:F55)=0,"",ROUND(COUNTIF(F7:F55,0)/COUNT(F7:F55)*100,1)) | G59: =IF(COUNT(G7:G55)=0,"",ROUND(COUNTIF(G7:G55,0)/COUNT(G7:G55)*100,1)) | H59: =IF(COUNT(H7:H55)=0,"",ROUND(COUNTIF(H7:H55,0)/COUNT(H7:H55)*100,1)) | I59: =IF(COUNT(I7:I55)=0,"",ROUND(COUNTIF(I7:I55,0)/COUNT(I7:I55)*100,1)) | J59: =IF(COUNT(J7:J55)=0,"",ROUND(COUNTIF(J7:J55,0)/COUNT(J7:J55)*100,1)) | K59: =IF(COUNT(K7:K55)=0,"",ROUND(COUNTIF(K7:K55,0)/COUNT(K7:K55)*100,1))

Sheet Нийгэмшихүй, сэтгэл хөдлөл
A1: ................ ЦЭЦЭРЛЭГИЙН БАГА БҮЛГИЙН (2 НАС) ГАРААНЫ (ОНОШЛОХ) ҮНЭЛГЭЭ
A2: Хөгжлийн чиглэл: Нийгэмшихүй, сэтгэл хөдлөл Огноо: 20.... оны .... сар Багш: ................................ Чадна = 1, Чадахгүй = 0 (А/79-ийн 2.4: «Нялх, балчир насны хүүхдийн хөгжлийг дэмжих хөтөлбөр», 25–36 сар)
A3: № | B3: Хүүхдийн код | D3: Хөгжлийн чиглэл: Нийгэмшихүй, сэтгэл хөдлөл | I3: Чадна (1) | J3: Хувь | K3: Чадахгүй (0) | L3: Хувь | M3: Түвшин
D4: Бусдыг дуурайна, ялангуяа том хүн, бусад хүүхдийг дуурайна. | E4: Миний, чиний гэсэн төлөөний нэрийг ойлгож хариулна. | F4: Бусад хүүхдийн дэргэд зэрэгцэж тоглоно. | G4: Уйлж байгаа хүүхдэд санаа тавина. | H4: Эцэг эхээсээ асуудалгүй холдоно.
D5: СҮД: БНО1.2б. Гэр бүлийн гишүүдээ нэрлэж, тэдний хийж буй үйлдлийг дуурайж тоглоно. | E5: СҮД: ХЯ1.1а. Бусдын яриаг сонсоод ойлгосноо үг үйлдлээр илэрхийлнэ. | F5: СҮД: НСХ1.3б. Бусад хүмүүс ижил зүйл хийж байгааг ажиглаж мэддэг болно. | G5: СҮД: НСХ1.2б. Бусдыг энэрсэн сэтгэлээ нүүр гар, биеийн хөдөлгөөн, дуу авиа, үгээр илэрхийлдэг болно. | H5: СҮД: НСХ1.3в. Насанд хүрэгчийн тусламжтай өдрийн хуваарьт үйл ажиллагаанд дасан зохицож оролцдог болно.
D6: 1 / 0 | E6: 1 / 0 | F6: 1 / 0 | G6: 1 / 0 | H6: 1 / 0
A7: 1 | B7: =IF(Нэгтгэл!B7="","",Нэгтгэл!B7) | D7: 1 | E7: 0 | F7: 1 | G7: 1 | H7: 1 | I7: =COUNTIF(D7:H7,1) | J7: =IF(COUNT(D7:H7)=0,"",ROUND(I7/5*100,1)) | K7: =COUNTIF(D7:H7,0) | L7: =IF(COUNT(D7:H7)=0,"",ROUND(K7/5*100,1)) | M7: =IF(J7="","",IF(J7>=Нэгтгэл!$K$4,"Хангалттай эзэмшиж байна",IF(J7>=Нэгтгэл!$K$5,"Ахиж байна","Хөгжиж байна")))
A8: 2 | B8: =IF(Нэгтгэл!B8="","",Нэгтгэл!B8) | D8: 1 | E8: 0 | F8: 0 | G8: 0 | H8: 0 | I8: =COUNTIF(D8:H8,1) | J8: =IF(COUNT(D8:H8)=0,"",ROUND(I8/5*100,1)) | K8: =COUNTIF(D8:H8,0) | L8: =IF(COUNT(D8:H8)=0,"",ROUND(K8/5*100,1)) | M8: =IF(J8="","",IF(J8>=Нэгтгэл!$K$4,"Хангалттай эзэмшиж байна",IF(J8>=Нэгтгэл!$K$5,"Ахиж байна","Хөгжиж байна")))
A9: 3 | B9: =IF(Нэгтгэл!B9="","",Нэгтгэл!B9) | D9: 1 | E9: 1 | F9: 1 | G9: 1 | H9: 1 | I9: =COUNTIF(D9:H9,1) | J9: =IF(COUNT(D9:H9)=0,"",ROUND(I9/5*100,1)) | K9: =COUNTIF(D9:H9,0) | L9: =IF(COUNT(D9:H9)=0,"",ROUND(K9/5*100,1)) | M9: =IF(J9="","",IF(J9>=Нэгтгэл!$K$4,"Хангалттай эзэмшиж байна",IF(J9>=Нэгтгэл!$K$5,"Ахиж байна","Хөгжиж байна")))
A10: 4 | B10: =IF(Нэгтгэл!B10="","",Нэгтгэл!B10) | D10: 0 | E10: 1 | F10: 0 | G10: 1 | H10: 1 | I10: =COUNTIF(D10:H10,1) | J10: =IF(COUNT(D10:H10)=0,"",ROUND(I10/5*100,1)) | K10: =COUNTIF(D10:H10,0) | L10: =IF(COUNT(D10:H10)=0,"",ROUND(K10/5*100,1)) | M10: =IF(J10="","",IF(J10>=Нэгтгэл!$K$4,"Хангалттай эзэмшиж байна",IF(J10>=Нэгтгэл!$K$5,"Ахиж байна","Хөгжиж байна")))
A11: 5 | B11: =IF(Нэгтгэл!B11="","",Нэгтгэл!B11) | D11: 1 | E11: 1 | F11: 1 | G11: 1 | H11: 1 | I11: =COUNTIF(D11:H11,1) | J11: =IF(COUNT(D11:H11)=0,"",ROUND(I11/5*100,1)) | K11: =COUNTIF(D11:H11,0) | L11: =IF(COUNT(D11:H11)=0,"",ROUND(K11/5*100,1)) | M11: =IF(J11="","",IF(J11>=Нэгтгэл!$K$4,"Хангалттай эзэмшиж байна",IF(J11>=Нэгтгэл!$K$5,"Ахиж байна","Хөгжиж байна")))
A12: 6 | B12: =IF(Нэгтгэл!B12="","",Нэгтгэл!B12) | D12: 1 | E12: 0 | F12: 1 | G12: 0 | H12: 0 | I12: =COUNTIF(D12:H12,1) | J12: =IF(COUNT(D12:H12)=0,"",ROUND(I12/5*100,1)) | K12: =COUNTIF(D12:H12,0) | L12: =IF(COUNT(D12:H12)=0,"",ROUND(K12/5*100,1)) | M12: =IF(J12="","",IF(J12>=Нэгтгэл!$K$4,"Хангалттай эзэмшиж байна",IF(J12>=Нэгтгэл!$K$5,"Ахиж байна","Хөгжиж байна")))
A13: 7 | B13: =IF(Нэгтгэл!B13="","",Нэгтгэл!B13) | D13: 1 | E13: 1 | F13: 1 | G13: 1 | H13: 0 | I13: =COUNTIF(D13:H13,1) | J13: =IF(COUNT(D13:H13)=0,"",ROUND(I13/5*100,1)) | K13: =COUNTIF(D13:H13,0) | L13: =IF(COUNT(D13:H13)=0,"",ROUND(K13/5*100,1)) | M13: =IF(J13="","",IF(J13>=Нэгтгэл!$K$4,"Хангалттай эзэмшиж байна",IF(J13>=Нэгтгэл!$K$5,"Ахиж байна","Хөгжиж байна")))
A14: 8 | B14: =IF(Нэгтгэл!B14="","",Нэгтгэл!B14) | D14: 1 | E14: 1 | F14: 0 | G14: 1 | H14: 1 | I14: =COUNTIF(D14:H14,1) | J14: =IF(COUNT(D14:H14)=0,"",ROUND(I14/5*100,1)) | K14: =COUNTIF(D14:H14,0) | L14: =IF(COUNT(D14:H14)=0,"",ROUND(K14/5*100,1)) | M14: =IF(J14="","",IF(J14>=Нэгтгэл!$K$4,"Хангалттай эзэмшиж байна",IF(J14>=Нэгтгэл!$K$5,"Ахиж байна","Хөгжиж байна")))
A15: 9 | B15: =IF(Нэгтгэл!B15="","",Нэгтгэл!B15) | D15: 1 | E15: 1 | F15: 0 | G15: 1 | H15: 1 | I15: =COUNTIF(D15:H15,1) | J15: =IF(COUNT(D15:H15)=0,"",ROUND(I15/5*100,1)) | K15: =COUNTIF(D15:H15,0) | L15: =IF(COUNT(D15:H15)=0,"",ROUND(K15/5*100,1)) | M15: =IF(J15="","",IF(J15>=Нэгтгэл!$K$4,"Хангалттай эзэмшиж байна",IF(J15>=Нэгтгэл!$K$5,"Ахиж байна","Хөгжиж байна")))
A16: 10 | B16: =IF(Нэгтгэл!B16="","",Нэгтгэл!B16) | D16: 1 | E16: 0 | F16: 1 | G16: 1 | H16: 1 | I16: =COUNTIF(D16:H16,1) | J16: =IF(COUNT(D16:H16)=0,"",ROUND(I16/5*100,1)) | K16: =COUNTIF(D16:H16,0) | L16: =IF(COUNT(D16:H16)=0,"",ROUND(K16/5*100,1)) | M16: =IF(J16="","",IF(J16>=Нэгтгэл!$K$4,"Хангалттай эзэмшиж байна",IF(J16>=Нэгтгэл!$K$5,"Ахиж байна","Хөгжиж байна")))
A17: 11 | B17: =IF(Нэгтгэл!B17="","",Нэгтгэл!B17) | D17: 1 | E17: 0 | F17: 0 | G17: 0 | H17: 1 | I17: =COUNTIF(D17:H17,1) | J17: =IF(COUNT(D17:H17)=0,"",ROUND(I17/5*100,1)) | K17: =COUNTIF(D17:H17,0) | L17: =IF(COUNT(D17:H17)=0,"",ROUND(K17/5*100,1)) | M17: =IF(J17="","",IF(J17>=Нэгтгэл!$K$4,"Хангалттай эзэмшиж байна",IF(J17>=Нэгтгэл!$K$5,"Ахиж байна","Хөгжиж байна")))
A18: 12 | B18: =IF(Нэгтгэл!B18="","",Нэгтгэл!B18) | D18: 1 | E18: 0 | F18: 1 | G18: 1 | H18: 1 | I18: =COUNTIF(D18:H18,1) | J18: =IF(COUNT(D18:H18)=0,"",ROUND(I18/5*100,1)) | K18: =COUNTIF(D18:H18,0) | L18: =IF(COUNT(D18:H18)=0,"",ROUND(K18/5*100,1)) | M18: =IF(J18="","",IF(J18>=Нэгтгэл!$K$4,"Хангалттай эзэмшиж байна",IF(J18>=Нэгтгэл!$K$5,"Ахиж байна","Хөгжиж байна")))
... A55: 49 | B55: =IF(Нэгтгэл!B55="","",Нэгтгэл!B55) | D55: 0 | E55: 1 | F55: 0 | G55: 1 | H55: 1 | I55: =COUNTIF(D55:H55,1) | J55: =IF(COUNT(D55:H55)=0,"",ROUND(I55/5*100,1)) | K55: =COUNTIF(D55:H55,0) | L55: =IF(COUNT(D55:H55)=0,"",ROUND(K55/5*100,1)) | M55: =IF(J55="","",IF(J55>=Нэгтгэл!$K$4,"Хангалттай эзэмшиж байна",IF(J55>=Нэгтгэл!$K$5,"Ахиж байна","Хөгжиж байна")))
A56: Чадна (1) | D56: =COUNTIF(D7:D55,1) | E56: =COUNTIF(E7:E55,1) | F56: =COUNTIF(F7:F55,1) | G56: =COUNTIF(G7:G55,1) | H56: =COUNTIF(H7:H55,1) | I56: Хангалттай эзэмшиж байна | M56: =COUNTIF(M7:M55,"Хангалттай эзэмшиж байна")
A57: Хувь | D57: =IF(COUNT(D7:D55)=0,"",ROUND(COUNTIF(D7:D55,1)/COUNT(D7:D55)*100,1)) | E57: =IF(COUNT(E7:E55)=0,"",ROUND(COUNTIF(E7:E55,1)/COUNT(E7:E55)*100,1)) | F57: =IF(COUNT(F7:F55)=0,"",ROUND(COUNTIF(F7:F55,1)/COUNT(F7:F55)*100,1)) | G57: =IF(COUNT(G7:G55)=0,"",ROUND(COUNTIF(G7:G55,1)/COUNT(G7:G55)*100,1)) | H57: =IF(COUNT(H7:H55)=0,"",ROUND(COUNTIF(H7:H55,1)/COUNT(H7:H55)*100,1)) | I57: Ахиж байна | M57: =COUNTIF(M7:M55,"Ахиж байна")
A58: Чадахгүй (0) | D58: =COUNTIF(D7:D55,0) | E58: =COUNTIF(E7:E55,0) | F58: =COUNTIF(F7:F55,0) | G58: =COUNTIF(G7:G55,0) | H58: =COUNTIF(H7:H55,0) | I58: Хөгжиж байна | M58: =COUNTIF(M7:M55,"Хөгжиж байна")
A59: Хувь | D59: =IF(COUNT(D7:D55)=0,"",ROUND(COUNTIF(D7:D55,0)/COUNT(D7:D55)*100,1)) | E59: =IF(COUNT(E7:E55)=0,"",ROUND(COUNTIF(E7:E55,0)/COUNT(E7:E55)*100,1)) | F59: =IF(COUNT(F7:F55)=0,"",ROUND(COUNTIF(F7:F55,0)/COUNT(F7:F55)*100,1)) | G59: =IF(COUNT(G7:G55)=0,"",ROUND(COUNTIF(G7:G55,0)/COUNT(G7:G55)*100,1)) | H59: =IF(COUNT(H7:H55)=0,"",ROUND(COUNTIF(H7:H55,0)/COUNT(H7:H55)*100,1))

Sheet Танин мэдэхүй
A1: ................ ЦЭЦЭРЛЭГИЙН БАГА БҮЛГИЙН (2 НАС) ГАРААНЫ (ОНОШЛОХ) ҮНЭЛГЭЭ
A2: Хөгжлийн чиглэл: Танин мэдэхүй Огноо: 20.... оны .... сар Багш: ................................ Чадна = 1, Чадахгүй = 0 (А/79-ийн 2.4: «Нялх, балчир насны хүүхдийн хөгжлийг дэмжих хөтөлбөр», 25–36 сар)
A3: № | B3: Хүүхдийн код | D3: Хөгжлийн чиглэл: Танин мэдэхүй | V3: Чадна (1) | W3: Хувь | X3: Чадахгүй (0) | Y3: Хувь | Z3: Түвшин
D4: 2-3 алхамт зааварчилгааг дагах | E4: Дотор, дээр, гадна, доор гэсэн чиг заасан үгийг ойлгоно. | F4: Танил зүйлээ нэрлэнэ. | G4: Өөрийн нэр, нас, хүйсийг хэлнэ. | H4: Дүрд орж тоглоно. | I4: Тооны утгыг ойлгоно. Жишээ нь, нэг алим, олон цэцэг гэх мэт. | J4: 3-4 хэсэгтэй эвлүүлдэг дүрсээр тоглоно. | K4: Тойрог, шулуун зураас дуурайж зурна. | L4: Эд юмсыг том жижиг, их бага гэх мэт эсрэг утгыг ойлгож, зааж үзүүлнэ. | M4: Найзынхаа нэрийг мэднэ. | N4: Би, чи, миний, бид гэсэн төлөөний үгийг хэлж, зарим үгийн олон тоог хэлнэ. | O4: Танихгүй хүнтэй ярилцаж чадна. | P4: Хоёр гурван өгүүлбэр ашиглан харилцан яриа өрнүүлнэ. | Q4: Өөр эд зүйлсийг өнгө, хэмжээ, хэлбэрээр нь ангилна. | R4: 6-аас олон эвлүүлдэг тоглоомоор цамхаг барьж чадна. | S4: Дуу дуулна. | T4: Номыг зөв харуулж үзнэ. | U4: Бие эрхтний нэрийг хэлэхэд хуруугаараа заана.
D5: СҮД: БНО1.2в. Гэрт болон ангидаа эд зүйлсийн байрлалыг мэдэж, багшийн өгсөн энгийн зааврыг биелүүлнэ. | E5: СҮД: МАТ1.3в. Юмсын байршлыг танина. (дээр, доор) | F5: СҮД: ХЯ1.2в. Танил эд юмсыг нэрлэнэ. | G5: СҮД: БНО1.2а. Өөрийн нэр, нас, бие, эрхтнээ нэрлэж, тоглоом, эд зүйлсээ танина. | H5: СҮД: БНО1.2б. Гэр бүлийн гишүүдээ нэрлэж, тэдний хийж буй үйлдлийг дуурайж тоглоно. | I5: СҮД: МАТ1.1а. Гэр, цэцэрлэгийн орчин тойронд байх юмсаас 1 эсвэл 3 ширхэг тоглоом, юмсыг заах, нэг гэж хэлнэ. | J5: СҮД: ЗУ1.2е. Өрж байгуулах, эвлүүлэх аргаар тоглоом, эд юмсыг бусдын дэмжлэгтэй бүтээнэ. | K5: СҮД: ЗУ1.2а. Зурах хэрэгслүүдийг ашиглан зурааслаж дүрсэлнэ. | L5: СҮД: МАТ1.3а. Тоглоом юмсаас тодорхой шинжтэй зүйлийг ялгана. | M5: СҮД: — (шууд тохирох СҮД байхгүй) | N5: СҮД: ХЯ1.2г. Хүсэл, хэрэгцээгээ тохирох үгс ашиглан илэрхийлнэ. | O5: СҮД: ХЯ1.2а. Харилцан яриаг ажиглан, үг, өгүүлбэрийг дуурайна. | P5: СҮД: ХЯ1.2д. Энгийн өгүүлбэрийг давтан хэлнэ. | Q5: СҮД: МАТ1.3а. Тоглоом юмсаас тодорхой шинжтэй зүйлийг ялгана. | R5: СҮД: ЗУ1.2е. Өрж байгуулах, эвлүүлэх аргаар тоглоом, эд юмсыг бусдын дэмжлэгтэй бүтээнэ. | S5: СҮД: ХӨГ1.1б. Дууг анхааралтай сонсож, зарим үг, авиаг дуурайн хэлж, аялна. | T5: СҮД: ХЯ1.3а. Номыг сонирхож үзнэ. | U5: СҮД: БНО1.2а. Өөрийн нэр, нас, бие, эрхтнээ нэрлэж, тоглоом, эд зүйлсээ танина.
D6: 1 / 0 | E6: 1 / 0 | F6: 1 / 0 | G6: 1 / 0 | H6: 1 / 0 | I6: 1 / 0 | J6: 1 / 0 | K6: 1 / 0 | L6: 1 / 0 | M6: 1 / 0 | N6: 1 / 0 | O6: 1 / 0 | P6: 1 / 0 | Q6: 1 / 0 | R6: 1 / 0 | S6: 1 / 0 | T6: 1 / 0 | U6: 1 / 0
A7: 1 | B7: =IF(Нэгтгэл!B7="","",Нэгтгэл!B7) | D7: 0 | E7: 1 | F7: 1 | G7: 0 | H7: 1 | I7: 1 | J7: 0 | K7: 1 | L7: 1 | M7: 0 | N7: 1 | O7: 1 | P7: 0 | Q7: 1 | R7: 0 | S7: 1 | T7: 1 | U7: 0 | V7: =COUNTIF(D7:U7,1) | W7: =IF(COUNT(D7:U7)=0,"",ROUND(V7/18*100,1)) | X7: =COUNTIF(D7:U7,0) | Y7: =IF(COUNT(D7:U7)=0,"",ROUND(X7/18*100,1)) | Z7: =IF(W7="","",IF(W7>=Нэгтгэл!$K$4,"Хангалттай эзэмшиж байна",IF(W7>=Нэгтгэл!$K$5,"Ахиж байна","Хөгжиж байна")))
A8: 2 | B8: =IF(Нэгтгэл!B8="","",Нэгтгэл!B8) | D8: 1 | E8: 1 | F8: 0 | G8: 0 | H8: 1 | I8: 1 | J8: 1 | K8: 1 | L8: 1 | M8: 1 | N8: 1 | O8: 1 | P8: 0 | Q8: 0 | R8: 1 | S8: 0 | T8: 1 | U8: 0 | V8: =COUNTIF(D8:U8,1) | W8: =IF(COUNT(D8:U8)=0,"",ROUND(V8/18*100,1)) | X8: =COUNTIF(D8:U8,0) | Y8: =IF(COUNT(D8:U8)=0,"",ROUND(X8/18*100,1)) | Z8: =IF(W8="","",IF(W8>=Нэгтгэл!$K$4,"Хангалттай эзэмшиж байна",IF(W8>=Нэгтгэл!$K$5,"Ахиж байна","Хөгжиж байна")))
A9: 3 | B9: =IF(Нэгтгэл!B9="","",Нэгтгэл!B9) | D9: 0 | E9: 1 | F9: 1 | G9: 1 | H9: 1 | I9: 0 | J9: 0 | K9: 1 | L9: 1 | M9: 0 | N9: 1 | O9: 0 | P9: 1 | Q9: 1 | R9: 1 | S9: 0 | T9: 1 | U9: 1 | V9: =COUNTIF(D9:U9,1) | W9: =IF(COUNT(D9:U9)=0,"",ROUND(V9/18*100,1)) | X9: =COUNTIF(D9:U9,0) | Y9: =IF(COUNT(D9:U9)=0,"",ROUND(X9/18*100,1)) | Z9: =IF(W9="","",IF(W9>=Нэгтгэл!$K$4,"Хангалттай эзэмшиж байна",IF(W9>=Нэгтгэл!$K$5,"Ахиж байна","Хөгжиж байна")))
A10: 4 | B10: =IF(Нэгтгэл!B10="","",Нэгтгэл!B10) | D10: 1 | E10: 1 | F10: 1 | G10: 1 | H10: 0 | I10: 1 | J10: 1 | K10: 1 | L10: 1 | M10: 1 | N10: 1 | O10: 1 | P10: 0 | Q10: 1 | R10: 1 | S10: 1 | T10: 1 | U10: 1 | V10: =COUNTIF(D10:U10,1) | W10: =IF(COUNT(D10:U10)=0,"",ROUND(V10/18*100,1)) | X10: =COUNTIF(D10:U10,0) | Y10: =IF(COUNT(D10:U10)=0,"",ROUND(X10/18*100,1)) | Z10: =IF(W10="","",IF(W10>=Нэгтгэл!$K$4,"Хангалттай эзэмшиж байна",IF(W10>=Нэгтгэл!$K$5,"Ахиж байна","Хөгжиж байна")))
A11: 5 | B11: =IF(Нэгтгэл!B11="","",Нэгтгэл!B11) | D11: 1 | E11: 1 | F11: 0 | G11: 1 | H11: 1 | I11: 1 | J11: 1 | K11: 1 | L11: 0 | M11: 0 | N11: 1 | O11: 1 | P11: 1 | Q11: 0 | R11: 0 | S11: 1 | T11: 1 | U11: 1 | V11: =COUNTIF(D11:U11,1) | W11: =IF(COUNT(D11:U11)=0,"",ROUND(V11/18*100,1)) | X11: =COUNTIF(D11:U11,0) | Y11: =IF(COUNT(D11:U11)=0,"",ROUND(X11/18*100,1)) | Z11: =IF(W11="","",IF(W11>=Нэгтгэл!$K$4,"Хангалттай эзэмшиж байна",IF(W11>=Нэгтгэл!$K$5,"Ахиж байна","Хөгжиж байна")))
A12: 6 | B12: =IF(Нэгтгэл!B12="","",Нэгтгэл!B12) | D12: 1 | E12: 0 | F12: 1 | G12: 1 | H12: 1 | I12: 0 | J12: 1 | K12: 1 | L12: 1 | M12: 1 | N12: 0 | O12: 1 | P12: 1 | Q12: 1 | R12: 1 | S12: 0 | T12: 1 | U12: 1 | V12: =COUNTIF(D12:U12,1) | W12: =IF(COUNT(D12:U12)=0,"",ROUND(V12/18*100,1)) | X12: =COUNTIF(D12:U12,0) | Y12: =IF(COUNT(D12:U12)=0,"",ROUND(X12/18*100,1)) | Z12: =IF(W12="","",IF(W12>=Нэгтгэл!$K$4,"Хангалттай эзэмшиж байна",IF(W12>=Нэгтгэл!$K$5,"Ахиж байна","Хөгжиж байна")))
A13: 7 | B13: =IF(Нэгтгэл!B13="","",Нэгтгэл!B13) | D13: 1 | E13: 1 | F13: 1 | G13: 1 | H13: 1 | I13: 1 | J13: 0 | K13: 1 | L13: 1 | M13: 1 | N13: 0 | O13: 1 | P13: 1 | Q13: 1 | R13: 1 | S13: 1 | T13: 1 | U13: 1 | V13: =COUNTIF(D13:U13,1) | W13: =IF(COUNT(D13:U13)=0,"",ROUND(V13/18*100,1)) | X13: =COUNTIF(D13:U13,0) | Y13: =IF(COUNT(D13:U13)=0,"",ROUND(X13/18*100,1)) | Z13: =IF(W13="","",IF(W13>=Нэгтгэл!$K$4,"Хангалттай эзэмшиж байна",IF(W13>=Нэгтгэл!$K$5,"Ахиж байна","Хөгжиж байна")))
A14: 8 | B14: =IF(Нэгтгэл!B14="","",Нэгтгэл!B14) | D14: 1 | E14: 0 | F14: 1 | G14: 1 | H14: 1 | I14: 1 | J14: 0 | K14: 1 | L14: 0 | M14: 1 | N14: 1 | O14: 0 | P14: 1 | Q14: 0 | R14: 0 | S14: 1 | T14: 0 | U14: 1 | V14: =COUNTIF(D14:U14,1) | W14: =IF(COUNT(D14:U14)=0,"",ROUND(V14/18*100,1)) | X14: =COUNTIF(D14:U14,0) | Y14: =IF(COUNT(D14:U14)=0,"",ROUND(X14/18*100,1)) | Z14: =IF(W14="","",IF(W14>=Нэгтгэл!$K$4,"Хангалттай эзэмшиж байна",IF(W14>=Нэгтгэл!$K$5,"Ахиж байна","Хөгжиж байна")))
A15: 9 | B15: =IF(Нэгтгэл!B15="","",Нэгтгэл!B15) | D15: 1 | E15: 0 | F15: 0 | G15: 1 | H15: 0 | I15: 1 | J15: 0 | K15: 0 | L15: 0 | M15: 0 | N15: 1 | O15: 0 | P15: 1 | Q15: 1 | R15: 1 | S15: 1 | T15: 1 | U15: 1 | V15: =COUNTIF(D15:U15,1) | W15: =IF(COUNT(D15:U15)=0,"",ROUND(V15/18*100,1)) | X15: =COUNTIF(D15:U15,0) | Y15: =IF(COUNT(D15:U15)=0,"",ROUND(X15/18*100,1)) | Z15: =IF(W15="","",IF(W15>=Нэгтгэл!$K$4,"Хангалттай эзэмшиж байна",IF(W15>=Нэгтгэл!$K$5,"Ахиж байна","Хөгжиж байна")))
A16: 10 | B16: =IF(Нэгтгэл!B16="","",Нэгтгэл!B16) | D16: 1 | E16: 0 | F16: 1 | G16: 1 | H16: 1 | I16: 1 | J16: 1 | K16: 1 | L16: 1 | M16: 1 | N16: 1 | O16: 1 | P16: 1 | Q16: 1 | R16: 1 | S16: 1 | T16: 1 | U16: 1 | V16: =COUNTIF(D16:U16,1) | W16: =IF(COUNT(D16:U16)=0,"",ROUND(V16/18*100,1)) | X16: =COUNTIF(D16:U16,0) | Y16: =IF(COUNT(D16:U16)=0,"",ROUND(X16/18*100,1)) | Z16: =IF(W16="","",IF(W16>=Нэгтгэл!$K$4,"Хангалттай эзэмшиж байна",IF(W16>=Нэгтгэл!$K$5,"Ахиж байна","Хөгжиж байна")))
A17: 11 | B17: =IF(Нэгтгэл!B17="","",Нэгтгэл!B17) | D17: 1 | E17: 1 | F17: 1 | G17: 1 | H17: 1 | I17: 1 | J17: 1 | K17: 1 | L17: 1 | M17: 1 | N17: 0 | O17: 1 | P17: 0 | Q17: 0 | R17: 0 | S17: 0 | T17: 1 | U17: 1 | V17: =COUNTIF(D17:U17,1) | W17: =IF(COUNT(D17:U17)=0,"",ROUND(V17/18*100,1)) | X17: =COUNTIF(D17:U17,0) | Y17: =IF(COUNT(D17:U17)=0,"",ROUND(X17/18*100,1)) | Z17: =IF(W17="","",IF(W17>=Нэгтгэл!$K$4,"Хангалттай эзэмшиж байна",IF(W17>=Нэгтгэл!$K$5,"Ахиж байна","Хөгжиж байна")))
A18: 12 | B18: =IF(Нэгтгэл!B18="","",Нэгтгэл!B18) | D18: 1 | E18: 1 | F18: 1 | G18: 1 | H18: 1 | I18: 1 | J18: 0 | K18: 1 | L18: 1 | M18: 1 | N18: 1 | O18: 1 | P18: 0 | Q18: 1 | R18: 1 | S18: 1 | T18: 1 | U18: 1 | V18: =COUNTIF(D18:U18,1) | W18: =IF(COUNT(D18:U18)=0,"",ROUND(V18/18*100,1)) | X18: =COUNTIF(D18:U18,0) | Y18: =IF(COUNT(D18:U18)=0,"",ROUND(X18/18*100,1)) | Z18: =IF(W18="","",IF(W18>=Нэгтгэл!$K$4,"Хангалттай эзэмшиж байна",IF(W18>=Нэгтгэл!$K$5,"Ахиж байна","Хөгжиж байна")))
... A55: 49 | B55: =IF(Нэгтгэл!B55="","",Нэгтгэл!B55) | D55: 0 | E55: 1 | F55: 1 | G55: 1 | H55: 1 | I55: 1 | J55: 1 | K55: 1 | L55: 0 | M55: 1 | N55: 0 | O55: 0 | P55: 1 | Q55: 0 | R55: 0 | S55: 0 | T55: 1 | U55: 1 | V55: =COUNTIF(D55:U55,1) | W55: =IF(COUNT(D55:U55)=0,"",ROUND(V55/18*100,1)) | X55: =COUNTIF(D55:U55,0) | Y55: =IF(COUNT(D55:U55)=0,"",ROUND(X55/18*100,1)) | Z55: =IF(W55="","",IF(W55>=Нэгтгэл!$K$4,"Хангалттай эзэмшиж байна",IF(W55>=Нэгтгэл!$K$5,"Ахиж байна","Хөгжиж байна")))
A56: Чадна (1) | D56: =COUNTIF(D7:D55,1) | E56: =COUNTIF(E7:E55,1) | F56: =COUNTIF(F7:F55,1) | G56: =COUNTIF(G7:G55,1) | H56: =COUNTIF(H7:H55,1) | I56: =COUNTIF(I7:I55,1) | J56: =COUNTIF(J7:J55,1) | K56: =COUNTIF(K7:K55,1) | ... U56: =COUNTIF(U7:U55,1) | V56: Хангалттай эзэмшиж байна | Z56: =COUNTIF(Z7:Z55,"Хангалттай эзэмшиж байна")
A57: Хувь | D57: =IF(COUNT(D7:D55)=0,"",ROUND(COUNTIF(D7:D55,1)/COUNT(D7:D55)*100,1)) | E57: =IF(COUNT(E7:E55)=0,"",ROUND(COUNTIF(E7:E55,1)/COUNT(E7:E55)*100,1)) | F57: =IF(COUNT(F7:F55)=0,"",ROUND(COUNTIF(F7:F55,1)/COUNT(F7:F55)*100,1)) | G57: =IF(COUNT(G7:G55)=0,"",ROUND(COUNTIF(G7:G55,1)/COUNT(G7:G55)*100,1)) | H57: =IF(COUNT(H7:H55)=0,"",ROUND(COUNTIF(H7:H55,1)/COUNT(H7:H55)*100,1)) | I57: =IF(COUNT(I7:I55)=0,"",ROUND(COUNTIF(I7:I55,1)/COUNT(I7:I55)*100,1)) | J57: =IF(COUNT(J7:J55)=0,"",ROUND(COUNTIF(J7:J55,1)/COUNT(J7:J55)*100,1)) | K57: =IF(COUNT(K7:K55)=0,"",ROUND(COUNTIF(K7:K55,1)/COUNT(K7:K55)*100,1)) | ... U57: =IF(COUNT(U7:U55)=0,"",ROUND(COUNTIF(U7:U55,1)/COUNT(U7:U55)*100,1)) | V57: Ахиж байна | Z57: =COUNTIF(Z7:Z55,"Ахиж байна")
A58: Чадахгүй (0) | D58: =COUNTIF(D7:D55,0) | E58: =COUNTIF(E7:E55,0) | F58: =COUNTIF(F7:F55,0) | G58: =COUNTIF(G7:G55,0) | H58: =COUNTIF(H7:H55,0) | I58: =COUNTIF(I7:I55,0) | J58: =COUNTIF(J7:J55,0) | K58: =COUNTIF(K7:K55,0) | ... U58: =COUNTIF(U7:U55,0) | V58: Хөгжиж байна | Z58: =COUNTIF(Z7:Z55,"Хөгжиж байна")
A59: Хувь | D59: =IF(COUNT(D7:D55)=0,"",ROUND(COUNTIF(D7:D55,0)/COUNT(D7:D55)*100,1)) | E59: =IF(COUNT(E7:E55)=0,"",ROUND(COUNTIF(E7:E55,0)/COUNT(E7:E55)*100,1)) | F59: =IF(COUNT(F7:F55)=0,"",ROUND(COUNTIF(F7:F55,0)/COUNT(F7:F55)*100,1)) | G59: =IF(COUNT(G7:G55)=0,"",ROUND(COUNTIF(G7:G55,0)/COUNT(G7:G55)*100,1)) | H59: =IF(COUNT(H7:H55)=0,"",ROUND(COUNTIF(H7:H55,0)/COUNT(H7:H55)*100,1)) | I59: =IF(COUNT(I7:I55)=0,"",ROUND(COUNTIF(I7:I55,0)/COUNT(I7:I55)*100,1)) | J59: =IF(COUNT(J7:J55)=0,"",ROUND(COUNTIF(J7:J55,0)/COUNT(J7:J55)*100,1)) | K59: =IF(COUNT(K7:K55)=0,"",ROUND(COUNTIF(K7:K55,0)/COUNT(K7:K55)*100,1)) | ... U59: =IF(COUNT(U7:U55)=0,"",ROUND(COUNTIF(U7:U55,0)/COUNT(U7:U55)*100,1))
