Workbook

Sheet Нэгтгэл
A1: ................ ЦЭЦЭРЛЭГИЙН ДУНД БҮЛГИЙН (3 НАС) ГАРААНЫ (ОНОШЛОХ) ҮНЭЛГЭЭНИЙ НЭГТГЭЛ
A2: Огноо: 20.... оны .... сар Багш: .................... Хүүхдийн кодыг B баганад бичнэ.
A3: № | B3: Хүүхдийн код | C3: «Чадна» хувь (%) | F3: Нийт чадна (41-аас) | G3: Нийт хувь | H3: Түвшин | J3: Түвшний босго (%) — өөрчилж болно
C4: Үнэлгээний хүрээ | J4: Хангалттай эзэмшиж байна ≥ | K4: 80
C5: Мэдлэг | D5: Чадвар | E5: Төлөвшил | J5: Ахиж байна ≥ | K5: 50
C6: 8 | D6: 27 | E6: 6 | J6: Бусад нь «Хөгжиж байна» (А/79, 2.10)
A7: 1 | B7: Х-01 | C7: =IF(COUNT('Мэдлэг'!D7:K7)=0,"",ROUND(COUNTIF('Мэдлэг'!D7:K7,1)/8*100,1)) | D7: =IF(COUNT('Чадвар'!D7:AD7)=0,"",ROUND(COUNTIF('Чадвар'!D7:AD7,1)/27*100,1)) | E7: =IF(COUNT('Төлөвшил'!D7:I7)=0,"",ROUND(COUNTIF('Төлөвшил'!D7:I7,1)/6*100,1)) | F7: =COUNTIF('Мэдлэг'!D7:K7,1)+COUNTIF('Чадвар'!D7:AD7,1)+COUNTIF('Төлөвшил'!D7:I7,1) | G7: =IF((COUNT('Мэдлэг'!D7:K7)+COUNT('Чадвар'!D7:AD7)+COUNT('Төлөвшил'!D7:I7))=0,"",ROUND(F7/41*100,1)) | H7: =IF(G7="","",IF(G7>=Нэгтгэл!$K$4,"Хангалттай эзэмшиж байна",IF(G7>=Нэгтгэл!$K$5,"Ахиж байна","Хөгжиж байна")))
A8: 2 | B8: Х-02 | C8: =IF(COUNT('Мэдлэг'!D8:K8)=0,"",ROUND(COUNTIF('Мэдлэг'!D8:K8,1)/8*100,1)) | D8: =IF(COUNT('Чадвар'!D8:AD8)=0,"",ROUND(COUNTIF('Чадвар'!D8:AD8,1)/27*100,1)) | E8: =IF(COUNT('Төлөвшил'!D8:I8)=0,"",ROUND(COUNTIF('Төлөвшил'!D8:I8,1)/6*100,1)) | F8: =COUNTIF('Мэдлэг'!D8:K8,1)+COUNTIF('Чадвар'!D8:AD8,1)+COUNTIF('Төлөвшил'!D8:I8,1) | G8: =IF((COUNT('Мэдлэг'!D8:K8)+COUNT('Чадвар'!D8:AD8)+COUNT('Төлөвшил'!D8:I8))=0,"",ROUND(F8/41*100,1)) | H8: =IF(G8="","",IF(G8>=Нэгтгэл!$K$4,"Хангалттай эзэмшиж байна",IF(G8>=Нэгтгэл!$K$5,"Ахиж байна","Хөгжиж байна")))
A9: 3 | B9: Х-03 | C9: =IF(COUNT('Мэдлэг'!D9:K9)=0,"",ROUND(COUNTIF('Мэдлэг'!D9:K9,1)/8*100,1)) | D9: =IF(COUNT('Чадвар'!D9:AD9)=0,"",ROUND(COUNTIF('Чадвар'!D9:AD9,1)/27*100,1)) | E9: =IF(COUNT('Төлөвшил'!D9:I9)=0,"",ROUND(COUNTIF('Төлөвшил'!D9:I9,1)/6*100,1)) | F9: =COUNTIF('Мэдлэг'!D9:K9,1)+COUNTIF('Чадвар'!D9:AD9,1)+COUNTIF('Төлөвшил'!D9:I9,1) | G9: =IF((COUNT('Мэдлэг'!D9:K9)+COUNT('Чадвар'!D9:AD9)+COUNT('Төлөвшил'!D9:I9))=0,"",ROUND(F9/41*100,1)) | H9: =IF(G9="","",IF(G9>=Нэгтгэл!$K$4,"Хангалттай эзэмшиж байна",IF(G9>=Нэгтгэл!$K$5,"Ахиж байна","Хөгжиж байна")))
A10: 4 | B10: Х-04 | C10: =IF(COUNT('Мэдлэг'!D10:K10)=0,"",ROUND(COUNTIF('Мэдлэг'!D10:K10,1)/8*100,1)) | D10: =IF(COUNT('Чадвар'!D10:AD10)=0,"",ROUND(COUNTIF('Чадвар'!D10:AD10,1)/27*100,1)) | E10: =IF(COUNT('Төлөвшил'!D10:I10)=0,"",ROUND(COUNTIF('Төлөвшил'!D10:I10,1)/6*100,1)) | F10: =COUNTIF('Мэдлэг'!D10:K10,1)+COUNTIF('Чадвар'!D10:AD10,1)+COUNTIF('Төлөвшил'!D10:I10,1) | G10: =IF((COUNT('Мэдлэг'!D10:K10)+COUNT('Чадвар'!D10:AD10)+COUNT('Төлөвшил'!D10:I10))=0,"",ROUND(F10/41*100,1)) | H10: =IF(G10="","",IF(G10>=Нэгтгэл!$K$4,"Хангалттай эзэмшиж байна",IF(G10>=Нэгтгэл!$K$5,"Ахиж байна","Хөгжиж байна")))
A11: 5 | B11: Х-05 | C11: =IF(COUNT('Мэдлэг'!D11:K11)=0,"",ROUND(COUNTIF('Мэдлэг'!D11:K11,1)/8*100,1)) | D11: =IF(COUNT('Чадвар'!D11:AD11)=0,"",ROUND(COUNTIF('Чадвар'!D11:AD11,1)/27*100,1)) | E11: =IF(COUNT('Төлөвшил'!D11:I11)=0,"",ROUND(COUNTIF('Төлөвшил'!D11:I11,1)/6*100,1)) | F11: =COUNTIF('Мэдлэг'!D11:K11,1)+COUNTIF('Чадвар'!D11:AD11,1)+COUNTIF('Төлөвшил'!D11:I11,1) | G11: =IF((COUNT('Мэдлэг'!D11:K11)+COUNT('Чадвар'!D11:AD11)+COUNT('Төлөвшил'!D11:I11))=0,"",ROUND(F11/41*100,1)) | H11: =IF(G11="","",IF(G11>=Нэгтгэл!$K$4,"Хангалттай эзэмшиж байна",IF(G11>=Нэгтгэл!$K$5,"Ахиж байна","Хөгжиж байна")))
A12: 6 | B12: Х-06 | C12: =IF(COUNT('Мэдлэг'!D12:K12)=0,"",ROUND(COUNTIF('Мэдлэг'!D12:K12,1)/8*100,1)) | D12: =IF(COUNT('Чадвар'!D12:AD12)=0,"",ROUND(COUNTIF('Чадвар'!D12:AD12,1)/27*100,1)) | E12: =IF(COUNT('Төлөвшил'!D12:I12)=0,"",ROUND(COUNTIF('Төлөвшил'!D12:I12,1)/6*100,1)) | F12: =COUNTIF('Мэдлэг'!D12:K12,1)+COUNTIF('Чадвар'!D12:AD12,1)+COUNTIF('Төлөвшил'!D12:I12,1) | G12: =IF((COUNT('Мэдлэг'!D12:K12)+COUNT('Чадвар'!D12:AD12)+COUNT('Төлөвшил'!D12:I12))=0,"",ROUND(F12/41*100,1)) | H12: =IF(G12="","",IF(G12>=Нэгтгэл!$K$4,"Хангалттай эзэмшиж байна",IF(G12>=Нэгтгэл!$K$5,"Ахиж байна","Хөгжиж байна")))
A13: 7 | B13: Х-07 | C13: =IF(COUNT('Мэдлэг'!D13:K13)=0,"",ROUND(COUNTIF('Мэдлэг'!D13:K13,1)/8*100,1)) | D13: =IF(COUNT('Чадвар'!D13:AD13)=0,"",ROUND(COUNTIF('Чадвар'!D13:AD13,1)/27*100,1)) | E13: =IF(COUNT('Төлөвшил'!D13:I13)=0,"",ROUND(COUNTIF('Төлөвшил'!D13:I13,1)/6*100,1)) | F13: =COUNTIF('Мэдлэг'!D13:K13,1)+COUNTIF('Чадвар'!D13:AD13,1)+COUNTIF('Төлөвшил'!D13:I13,1) | G13: =IF((COUNT('Мэдлэг'!D13:K13)+COUNT('Чадвар'!D13:AD13)+COUNT('Төлөвшил'!D13:I13))=0,"",ROUND(F13/41*100,1)) | H13: =IF(G13="","",IF(G13>=Нэгтгэл!$K$4,"Хангалттай эзэмшиж байна",IF(G13>=Нэгтгэл!$K$5,"Ахиж байна","Хөгжиж байна")))
A14: 8 | B14: Х-08 | C14: =IF(COUNT('Мэдлэг'!D14:K14)=0,"",ROUND(COUNTIF('Мэдлэг'!D14:K14,1)/8*100,1)) | D14: =IF(COUNT('Чадвар'!D14:AD14)=0,"",ROUND(COUNTIF('Чадвар'!D14:AD14,1)/27*100,1)) | E14: =IF(COUNT('Төлөвшил'!D14:I14)=0,"",ROUND(COUNTIF('Төлөвшил'!D14:I14,1)/6*100,1)) | F14: =COUNTIF('Мэдлэг'!D14:K14,1)+COUNTIF('Чадвар'!D14:AD14,1)+COUNTIF('Төлөвшил'!D14:I14,1) | G14: =IF((COUNT('Мэдлэг'!D14:K14)+COUNT('Чадвар'!D14:AD14)+COUNT('Төлөвшил'!D14:I14))=0,"",ROUND(F14/41*100,1)) | H14: =IF(G14="","",IF(G14>=Нэгтгэл!$K$4,"Хангалттай эзэмшиж байна",IF(G14>=Нэгтгэл!$K$5,"Ахиж байна","Хөгжиж байна")))
A15: 9 | B15: Х-09 | C15: =IF(COUNT('Мэдлэг'!D15:K15)=0,"",ROUND(COUNTIF('Мэдлэг'!D15:K15,1)/8*100,1)) | D15: =IF(COUNT('Чадвар'!D15:AD15)=0,"",ROUND(COUNTIF('Чадвар'!D15:AD15,1)/27*100,1)) | E15: =IF(COUNT('Төлөвшил'!D15:I15)=0,"",ROUND(COUNTIF('Төлөвшил'!D15:I15,1)/6*100,1)) | F15: =COUNTIF('Мэдлэг'!D15:K15,1)+COUNTIF('Чадвар'!D15:AD15,1)+COUNTIF('Төлөвшил'!D15:I15,1) | G15: =IF((COUNT('Мэдлэг'!D15:K15)+COUNT('Чадвар'!D15:AD15)+COUNT('Төлөвшил'!D15:I15))=0,"",ROUND(F15/41*100,1)) | H15: =IF(G15="","",IF(G15>=Нэгтгэл!$K$4,"Хангалттай эзэмшиж байна",IF(G15>=Нэгтгэл!$K$5,"Ахиж байна","Хөгжиж байна")))
A16: 10 | B16: Х-10 | C16: =IF(COUNT('Мэдлэг'!D16:K16)=0,"",ROUND(COUNTIF('Мэдлэг'!D16:K16,1)/8*100,1)) | D16: =IF(COUNT('Чадвар'!D16:AD16)=0,"",ROUND(COUNTIF('Чадвар'!D16:AD16,1)/27*100,1)) | E16: =IF(COUNT('Төлөвшил'!D16:I16)=0,"",ROUND(COUNTIF('Төлөвшил'!D16:I16,1)/6*100,1)) | F16: =COUNTIF('Мэдлэг'!D16:K16,1)+COUNTIF('Чадвар'!D16:AD16,1)+COUNTIF('Төлөвшил'!D16:I16,1) | G16: =IF((COUNT('Мэдлэг'!D16:K16)+COUNT('Чадвар'!D16:AD16)+COUNT('Төлөвшил'!D16:I16))=0,"",ROUND(F16/41*100,1)) | H16: =IF(G16="","",IF(G16>=Нэгтгэл!$K$4,"Хангалттай эзэмшиж байна",IF(G16>=Нэгтгэл!$K$5,"Ахиж байна","Хөгжиж байна")))
A17: 11 | B17: Х-11 | C17: =IF(COUNT('Мэдлэг'!D17:K17)=0,"",ROUND(COUNTIF('Мэдлэг'!D17:K17,1)/8*100,1)) | D17: =IF(COUNT('Чадвар'!D17:AD17)=0,"",ROUND(COUNTIF('Чадвар'!D17:AD17,1)/27*100,1)) | E17: =IF(COUNT('Төлөвшил'!D17:I17)=0,"",ROUND(COUNTIF('Төлөвшил'!D17:I17,1)/6*100,1)) | F17: =COUNTIF('Мэдлэг'!D17:K17,1)+COUNTIF('Чадвар'!D17:AD17,1)+COUNTIF('Төлөвшил'!D17:I17,1) | G17: =IF((COUNT('Мэдлэг'!D17:K17)+COUNT('Чадвар'!D17:AD17)+COUNT('Төлөвшил'!D17:I17))=0,"",ROUND(F17/41*100,1)) | H17: =IF(G17="","",IF(G17>=Нэгтгэл!$K$4,"Хангалттай эзэмшиж байна",IF(G17>=Нэгтгэл!$K$5,"Ахиж байна","Хөгжиж байна")))
A18: 12 | B18: Х-12 | C18: =IF(COUNT('Мэдлэг'!D18:K18)=0,"",ROUND(COUNTIF('Мэдлэг'!D18:K18,1)/8*100,1)) | D18: =IF(COUNT('Чадвар'!D18:AD18)=0,"",ROUND(COUNTIF('Чадвар'!D18:AD18,1)/27*100,1)) | E18: =IF(COUNT('Төлөвшил'!D18:I18)=0,"",ROUND(COUNTIF('Төлөвшил'!D18:I18,1)/6*100,1)) | F18: =COUNTIF('Мэдлэг'!D18:K18,1)+COUNTIF('Чадвар'!D18:AD18,1)+COUNTIF('Төлөвшил'!D18:I18,1) | G18: =IF((COUNT('Мэдлэг'!D18:K18)+COUNT('Чадвар'!D18:AD18)+COUNT('Төлөвшил'!D18:I18))=0,"",ROUND(F18/41*100,1)) | H18: =IF(G18="","",IF(G18>=Нэгтгэл!$K$4,"Хангалттай эзэмшиж байна",IF(G18>=Нэгтгэл!$K$5,"Ахиж байна","Хөгжиж байна")))
... A55: 49 | B55: Х-49 | C55: =IF(COUNT('Мэдлэг'!D55:K55)=0,"",ROUND(COUNTIF('Мэдлэг'!D55:K55,1)/8*100,1)) | D55: =IF(COUNT('Чадвар'!D55:AD55)=0,"",ROUND(COUNTIF('Чадвар'!D55:AD55,1)/27*100,1)) | E55: =IF(COUNT('Төлөвшил'!D55:I55)=0,"",ROUND(COUNTIF('Төлөвшил'!D55:I55,1)/6*100,1)) | F55: =COUNTIF('Мэдлэг'!D55:K55,1)+COUNTIF('Чадвар'!D55:AD55,1)+COUNTIF('Төлөвшил'!D55:I55,1) | G55: =IF((COUNT('Мэдлэг'!D55:K55)+COUNT('Чадвар'!D55:AD55)+COUNT('Төлөвшил'!D55:I55))=0,"",ROUND(F55/41*100,1)) | H55: =IF(G55="","",IF(G55>=Нэгтгэл!$K$4,"Хангалттай эзэмшиж байна",IF(G55>=Нэгтгэл!$K$5,"Ахиж байна","Хөгжиж байна")))
A56: Бүлгийн дундаж хувь | C56: =IFERROR(ROUND(AVERAGE(C7:C55),1),"") | D56: =IFERROR(ROUND(AVERAGE(D7:D55),1),"") | E56: =IFERROR(ROUND(AVERAGE(E7:E55),1),"") | G56: =IFERROR(ROUND(AVERAGE(G7:G55),1),"")
A57: Хангалттай эзэмшиж байна (тоо) | C57: =COUNTIFS(C7:C55,">="&Нэгтгэл!$K$4) | D57: =COUNTIFS(D7:D55,">="&Нэгтгэл!$K$4) | E57: =COUNTIFS(E7:E55,">="&Нэгтгэл!$K$4) | G57: =COUNTIFS(G7:G55,">="&Нэгтгэл!$K$4) | H57: =COUNTIF(H7:H55,"Хангалттай эзэмшиж байна")
A58: Ахиж байна (тоо) | C58: =COUNTIFS(C7:C55,">="&Нэгтгэл!$K$5,C7:C55,"<"&Нэгтгэл!$K$4) | D58: =COUNTIFS(D7:D55,">="&Нэгтгэл!$K$5,D7:D55,"<"&Нэгтгэл!$K$4) | E58: =COUNTIFS(E7:E55,">="&Нэгтгэл!$K$5,E7:E55,"<"&Нэгтгэл!$K$4) | G58: =COUNTIFS(G7:G55,">="&Нэгтгэл!$K$5,G7:G55,"<"&Нэгтгэл!$K$4) | H58: =COUNTIF(H7:H55,"Ахиж байна")
A59: Хөгжиж байна (тоо) | C59: =COUNTIFS(C7:C55,"<"&Нэгтгэл!$K$5) | D59: =COUNTIFS(D7:D55,"<"&Нэгтгэл!$K$5) | E59: =COUNTIFS(E7:E55,"<"&Нэгтгэл!$K$5) | G59: =COUNTIFS(G7:G55,"<"&Нэгтгэл!$K$5) | H59: =COUNTIF(H7:H55,"Хөгжиж байна")

Sheet Мэдлэг
A1: ................ ЦЭЦЭРЛЭГИЙН ДУНД БҮЛГИЙН (3 НАС) ГАРААНЫ (ОНОШЛОХ) ҮНЭЛГЭЭ
A2: Үнэлгээний хүрээ: Мэдлэг Огноо: 20.... оны .... сар Багш: ................................ Чадна = 1, Чадахгүй = 0 (А/79 журам, II түвшний шалгуур)
A3: № | B3: Хүүхдийн код | D3: Үнэлгээний хүрээ: Мэдлэг | L3: Чадна (1) | M3: Хувь | N3: Чадахгүй (0) | O3: Хувь | P3: Түвшин
D4: Гэмтэж болзошгүй үйлдлийг ойлгодог. | E4: Хоорондоо хамааралтай хоёр юмыг таньдаг. | F4: Орчиндоо байгаа зурган тэмдэглэгээ (гэрлэн дохио, гарц, ангид баримтлах дүрмийг харуулсан зураг гэх мэт)-г ойлгодог. | G4: Таван хошуу мал, гэрийн тэжээмэл амьтны үр төлийг нэрлэдэг. | H4: Үндэсний баяр ёслолын зарим үйл (золгох, бөх барилдах гэх мэт)-ийг нэрлэдэг. | I4: Дараалан байрлуулсан тоглоом, дүрс, юмсыг ажиглаж, зүй тогтлыг тайлбарладаг. | J4: Тоглоом, юмсын байршил (дотор, гадна)-ыг нэрлэдэг. | K4: Уран зураг, баримлын бүтээлд юу дүрсэлснийг нэрлэдэг.
D5: СҮД: ХЭМ2.2е. Хүрээлэн байгаа орчныг ажиглаж, аюултай байж болох зүйлсийг ялгаж, хүрэхгүй байна. | E5: СҮД: НСХ2.3а. Юмс үзэгдлийн хоорондын хамаарлыг таньж ойлгодог болно. | F5: СҮД: ХЯ2.3б. Орчинд байгаа тэмдэг, тэмдэглэгээг ялгана. | G5: СҮД: БНО2.1а. Ойр орчны амьтны үр төлийг нэрлэн, ялгаж танина. | H5: СҮД: БНО2.2д. Үндэсний хувцас, цагаан идээ, тоглоом, наадгайг таньж, баяр ёслолын зарим үйлийг даган дуурайна. | I5: СҮД: МАТ2.1б. Дараалан байрлуулсан тоглоом, юмсын зүй тогтлыг ажиглаж, дуурайна. | J5: СҮД: МАТ2.3в. Юмсын байршлыг нэрлэнэ. (дотор, гадна) | K5: СҮД: ЗУ2.1а. Уран зураг, баримлын бүтээлийг ажиглаж хүн, амьтан, эд юмсыг ялгаж нэрлэнэ.
D6: 1 / 0 | E6: 1 / 0 | F6: 1 / 0 | G6: 1 / 0 | H6: 1 / 0 | I6: 1 / 0 | J6: 1 / 0 | K6: 1 / 0
A7: 1 | B7: =IF(Нэгтгэл!B7="","",Нэгтгэл!B7) | D7: 1 | E7: 1 | F7: 1 | G7: 1 | H7: 0 | I7: 1 | J7: 1 | K7: 1 | L7: =COUNTIF(D7:K7,1) | M7: =IF(COUNT(D7:K7)=0,"",ROUND(L7/8*100,1)) | N7: =COUNTIF(D7:K7,0) | O7: =IF(COUNT(D7:K7)=0,"",ROUND(N7/8*100,1)) | P7: =IF(M7="","",IF(M7>=Нэгтгэл!$K$4,"Хангалттай эзэмшиж байна",IF(M7>=Нэгтгэл!$K$5,"Ахиж байна","Хөгжиж байна")))
A8: 2 | B8: =IF(Нэгтгэл!B8="","",Нэгтгэл!B8) | D8: 1 | E8: 1 | F8: 0 | G8: 1 | H8: 1 | I8: 0 | J8: 0 | K8: 1 | L8: =COUNTIF(D8:K8,1) | M8: =IF(COUNT(D8:K8)=0,"",ROUND(L8/8*100,1)) | N8: =COUNTIF(D8:K8,0) | O8: =IF(COUNT(D8:K8)=0,"",ROUND(N8/8*100,1)) | P8: =IF(M8="","",IF(M8>=Нэгтгэл!$K$4,"Хангалттай эзэмшиж байна",IF(M8>=Нэгтгэл!$K$5,"Ахиж байна","Хөгжиж байна")))
A9: 3 | B9: =IF(Нэгтгэл!B9="","",Нэгтгэл!B9) | D9: 1 | E9: 1 | F9: 1 | G9: 0 | H9: 1 | I9: 1 | J9: 1 | K9: 0 | L9: =COUNTIF(D9:K9,1) | M9: =IF(COUNT(D9:K9)=0,"",ROUND(L9/8*100,1)) | N9: =COUNTIF(D9:K9,0) | O9: =IF(COUNT(D9:K9)=0,"",ROUND(N9/8*100,1)) | P9: =IF(M9="","",IF(M9>=Нэгтгэл!$K$4,"Хангалттай эзэмшиж байна",IF(M9>=Нэгтгэл!$K$5,"Ахиж байна","Хөгжиж байна")))
A10: 4 | B10: =IF(Нэгтгэл!B10="","",Нэгтгэл!B10) | D10: 1 | E10: 1 | F10: 0 | G10: 1 | H10: 1 | I10: 1 | J10: 1 | K10: 0 | L10: =COUNTIF(D10:K10,1) | M10: =IF(COUNT(D10:K10)=0,"",ROUND(L10/8*100,1)) | N10: =COUNTIF(D10:K10,0) | O10: =IF(COUNT(D10:K10)=0,"",ROUND(N10/8*100,1)) | P10: =IF(M10="","",IF(M10>=Нэгтгэл!$K$4,"Хангалттай эзэмшиж байна",IF(M10>=Нэгтгэл!$K$5,"Ахиж байна","Хөгжиж байна")))
A11: 5 | B11: =IF(Нэгтгэл!B11="","",Нэгтгэл!B11) | D11: 1 | E11: 1 | F11: 1 | G11: 1 | H11: 0 | I11: 1 | J11: 1 | K11: 1 | L11: =COUNTIF(D11:K11,1) | M11: =IF(COUNT(D11:K11)=0,"",ROUND(L11/8*100,1)) | N11: =COUNTIF(D11:K11,0) | O11: =IF(COUNT(D11:K11)=0,"",ROUND(N11/8*100,1)) | P11: =IF(M11="","",IF(M11>=Нэгтгэл!$K$4,"Хангалттай эзэмшиж байна",IF(M11>=Нэгтгэл!$K$5,"Ахиж байна","Хөгжиж байна")))
A12: 6 | B12: =IF(Нэгтгэл!B12="","",Нэгтгэл!B12) | D12: 1 | E12: 0 | F12: 1 | G12: 0 | H12: 1 | I12: 1 | J12: 0 | K12: 1 | L12: =COUNTIF(D12:K12,1) | M12: =IF(COUNT(D12:K12)=0,"",ROUND(L12/8*100,1)) | N12: =COUNTIF(D12:K12,0) | O12: =IF(COUNT(D12:K12)=0,"",ROUND(N12/8*100,1)) | P12: =IF(M12="","",IF(M12>=Нэгтгэл!$K$4,"Хангалттай эзэмшиж байна",IF(M12>=Нэгтгэл!$K$5,"Ахиж байна","Хөгжиж байна")))
A13: 7 | B13: =IF(Нэгтгэл!B13="","",Нэгтгэл!B13) | D13: 0 | E13: 1 | F13: 0 | G13: 1 | H13: 0 | I13: 1 | J13: 1 | K13: 0 | L13: =COUNTIF(D13:K13,1) | M13: =IF(COUNT(D13:K13)=0,"",ROUND(L13/8*100,1)) | N13: =COUNTIF(D13:K13,0) | O13: =IF(COUNT(D13:K13)=0,"",ROUND(N13/8*100,1)) | P13: =IF(M13="","",IF(M13>=Нэгтгэл!$K$4,"Хангалттай эзэмшиж байна",IF(M13>=Нэгтгэл!$K$5,"Ахиж байна","Хөгжиж байна")))
A14: 8 | B14: =IF(Нэгтгэл!B14="","",Нэгтгэл!B14) | D14: 0 | E14: 1 | F14: 0 | G14: 1 | H14: 0 | I14: 1 | J14: 0 | K14: 0 | L14: =COUNTIF(D14:K14,1) | M14: =IF(COUNT(D14:K14)=0,"",ROUND(L14/8*100,1)) | N14: =COUNTIF(D14:K14,0) | O14: =IF(COUNT(D14:K14)=0,"",ROUND(N14/8*100,1)) | P14: =IF(M14="","",IF(M14>=Нэгтгэл!$K$4,"Хангалттай эзэмшиж байна",IF(M14>=Нэгтгэл!$K$5,"Ахиж байна","Хөгжиж байна")))
A15: 9 | B15: =IF(Нэгтгэл!B15="","",Нэгтгэл!B15) | D15: 1 | E15: 0 | F15: 1 | G15: 1 | H15: 1 | I15: 1 | J15: 1 | K15: 1 | L15: =COUNTIF(D15:K15,1) | M15: =IF(COUNT(D15:K15)=0,"",ROUND(L15/8*100,1)) | N15: =COUNTIF(D15:K15,0) | O15: =IF(COUNT(D15:K15)=0,"",ROUND(N15/8*100,1)) | P15: =IF(M15="","",IF(M15>=Нэгтгэл!$K$4,"Хангалттай эзэмшиж байна",IF(M15>=Нэгтгэл!$K$5,"Ахиж байна","Хөгжиж байна")))
A16: 10 | B16: =IF(Нэгтгэл!B16="","",Нэгтгэл!B16) | D16: 1 | E16: 0 | F16: 1 | G16: 0 | H16: 0 | I16: 1 | J16: 1 | K16: 1 | L16: =COUNTIF(D16:K16,1) | M16: =IF(COUNT(D16:K16)=0,"",ROUND(L16/8*100,1)) | N16: =COUNTIF(D16:K16,0) | O16: =IF(COUNT(D16:K16)=0,"",ROUND(N16/8*100,1)) | P16: =IF(M16="","",IF(M16>=Нэгтгэл!$K$4,"Хангалттай эзэмшиж байна",IF(M16>=Нэгтгэл!$K$5,"Ахиж байна","Хөгжиж байна")))
A17: 11 | B17: =IF(Нэгтгэл!B17="","",Нэгтгэл!B17) | D17: 0 | E17: 1 | F17: 0 | G17: 1 | H17: 0 | I17: 1 | J17: 0 | K17: 0 | L17: =COUNTIF(D17:K17,1) | M17: =IF(COUNT(D17:K17)=0,"",ROUND(L17/8*100,1)) | N17: =COUNTIF(D17:K17,0) | O17: =IF(COUNT(D17:K17)=0,"",ROUND(N17/8*100,1)) | P17: =IF(M17="","",IF(M17>=Нэгтгэл!$K$4,"Хангалттай эзэмшиж байна",IF(M17>=Нэгтгэл!$K$5,"Ахиж байна","Хөгжиж байна")))
A18: 12 | B18: =IF(Нэгтгэл!B18="","",Нэгтгэл!B18) | D18: 0 | E18: 0 | F18: 0 | G18: 0 | H18: 0 | I18: 0 | J18: 1 | K18: 1 | L18: =COUNTIF(D18:K18,1) | M18: =IF(COUNT(D18:K18)=0,"",ROUND(L18/8*100,1)) | N18: =COUNTIF(D18:K18,0) | O18: =IF(COUNT(D18:K18)=0,"",ROUND(N18/8*100,1)) | P18: =IF(M18="","",IF(M18>=Нэгтгэл!$K$4,"Хангалттай эзэмшиж байна",IF(M18>=Нэгтгэл!$K$5,"Ахиж байна","Хөгжиж байна")))
... A55: 49 | B55: =IF(Нэгтгэл!B55="","",Нэгтгэл!B55) | D55: 1 | E55: 0 | F55: 0 | G55: 0 | H55: 0 | I55: 1 | J55: 1 | K55: 1 | L55: =COUNTIF(D55:K55,1) | M55: =IF(COUNT(D55:K55)=0,"",ROUND(L55/8*100,1)) | N55: =COUNTIF(D55:K55,0) | O55: =IF(COUNT(D55:K55)=0,"",ROUND(N55/8*100,1)) | P55: =IF(M55="","",IF(M55>=Нэгтгэл!$K$4,"Хангалттай эзэмшиж байна",IF(M55>=Нэгтгэл!$K$5,"Ахиж байна","Хөгжиж байна")))
A56: Чадна (1) | D56: =COUNTIF(D7:D55,1) | E56: =COUNTIF(E7:E55,1) | F56: =COUNTIF(F7:F55,1) | G56: =COUNTIF(G7:G55,1) | H56: =COUNTIF(H7:H55,1) | I56: =COUNTIF(I7:I55,1) | J56: =COUNTIF(J7:J55,1) | K56: =COUNTIF(K7:K55,1) | L56: Хангалттай эзэмшиж байна | P56: =COUNTIF(P7:P55,"Хангалттай эзэмшиж байна")
A57: Хувь | D57: =IF(COUNT(D7:D55)=0,"",ROUND(COUNTIF(D7:D55,1)/COUNT(D7:D55)*100,1)) | E57: =IF(COUNT(E7:E55)=0,"",ROUND(COUNTIF(E7:E55,1)/COUNT(E7:E55)*100,1)) | F57: =IF(COUNT(F7:F55)=0,"",ROUND(COUNTIF(F7:F55,1)/COUNT(F7:F55)*100,1)) | G57: =IF(COUNT(G7:G55)=0,"",ROUND(COUNTIF(G7:G55,1)/COUNT(G7:G55)*100,1)) | H57: =IF(COUNT(H7:H55)=0,"",ROUND(COUNTIF(H7:H55,1)/COUNT(H7:H55)*100,1)) | I57: =IF(COUNT(I7:I55)=0,"",ROUND(COUNTIF(I7:I55,1)/COUNT(I7:I55)*100,1)) | J57: =IF(COUNT(J7:J55)=0,"",ROUND(COUNTIF(J7:J55,1)/COUNT(J7:J55)*100,1)) | K57: =IF(COUNT(K7:K55)=0,"",ROUND(COUNTIF(K7:K55,1)/COUNT(K7:K55)*100,1)) | L57: Ахиж байна | P57: =COUNTIF(P7:P55,"Ахиж байна")
A58: Чадахгүй (0) | D58: =COUNTIF(D7:D55,0) | E58: =COUNTIF(E7:E55,0) | F58: =COUNTIF(F7:F55,0) | G58: =COUNTIF(G7:G55,0) | H58: =COUNTIF(H7:H55,0) | I58: =COUNTIF(I7:I55,0) | J58: =COUNTIF(J7:J55,0) | K58: =COUNTIF(K7:K55,0) | L58: Хөгжиж байна | P58: =COUNTIF(P7:P55,"Хөгжиж байна")
A59: Хувь | D59: =IF(COUNT(D7:D55)=0,"",ROUND(COUNTIF(D7:D55,0)/COUNT(D7:D55)*100,1)) | E59: =IF(COUNT(E7:E55)=0,"",ROUND(COUNTIF(E7:E55,0)/COUNT(E7:E55)*100,1)) | F59: =IF(COUNT(F7:F55)=0,"",ROUND(COUNTIF(F7:F55,0)/COUNT(F7:F55)*100,1)) | G59: =IF(COUNT(G7:G55)=0,"",ROUND(COUNTIF(G7:G55,0)/COUNT(G7:G55)*100,1)) | H59: =IF(COUNT(H7:H55)=0,"",ROUND(COUNTIF(H7:H55,0)/COUNT(H7:H55)*100,1)) | I59: =IF(COUNT(I7:I55)=0,"",ROUND(COUNTIF(I7:I55,0)/COUNT(I7:I55)*100,1)) | J59: =IF(COUNT(J7:J55)=0,"",ROUND(COUNTIF(J7:J55,0)/COUNT(J7:J55)*100,1)) | K59: =IF(COUNT(K7:K55)=0,"",ROUND(COUNTIF(K7:K55,0)/COUNT(K7:K55)*100,1))

Sheet Чадвар
A1: ................ ЦЭЦЭРЛЭГИЙН ДУНД БҮЛГИЙН (3 НАС) ГАРААНЫ (ОНОШЛОХ) ҮНЭЛГЭЭ
A2: Үнэлгээний хүрээ: Чадвар Огноо: 20.... оны .... сар Багш: ................................ Чадна = 1, Чадахгүй = 0 (А/79 журам, II түвшний шалгуур)
A3: № | B3: Хүүхдийн код | D3: Үнэлгээний хүрээ: Чадвар | AE3: Чадна (1) | AF3: Хувь | AG3: Чадахгүй (0) | AH3: Хувь | AI3: Түвшин
D4: Сэтгэл хөдлөлөө үг, эсвэл үйлдлээр илэрхийлдэг. | E4: Өөрийн хийх дуртай болон дургүй зүйлсээ илэрхийлдэг. | F4: Алхалтын үед гарын хөдөлгөөнийг өөрчилж (гараа алдлах, өргөх гэх мэт) гүйцэтгэдэг. | G4: Хоорондоо 15 см зайтай байрлуулсан зураасны дундуур шулуун чиглэлээр гүйдэг. | H4: Зааврын дагуу 2-3 саадыг сүлжиж мөлхдөг (10 метр зайд). | I4: Хоёр хөл дээрээ 5 хүртэлх зураас дээгүүр давж үсэрдэг. | J4: 0.5-1 метр зайнаас шидсэн тоглоом, бөмбөг, эд юмсыг барьж авдаг. | K4: Зааврын дагуу өдөр тутмын хувийн ариун цэвэр сахих үйл (гар, нүүр, ам угаах)-ийг бие даан гүйцэтгэдэг. | L4: Жимс, хүнсний ногоог насанд хүрэгчдийн тусламжтай угаадаг. | M4: 3-4 үгтэй өгүүлбэрийг давтаж хэлдэг. | N4: Сургалт, үйл ажиллагаанд оролцох, хамтдаа тоглох явцад асуулт асуудаг. | O4: Яриандаа өнгө, хэмжээ, тоо ширхэг заасан үгсийг хэрэглэдэг. | P4: 5 хүртэл тоглоом, юмсыг тоолдог. | Q4: Олон ба цөөн тооны тоглоом, юмсыг зааж хэлдэг. | R4: 3 хүртэлх тооны юмсыг уртаар нь харьцуулдаг. | S4: Тоглоомыг 2 ижил шинж (өнгө, дүрс, хэмжээ гэх мэт)-ээр нь ангилдаг. | T4: Байгалийн үзэгдлийг ажиглаж, санаа бодлоо илэрхийлдэг. | U4: Өөрийн болон гэр бүлийн гишүүдийн талаар ярьдаг. | V4: Хялбар, ойлгомжтой заавар, дүрмийг ойлгож тайлбарладаг. | W4: Өөрийн дуртай зүйлээ зурж (зураас, толбо, дардас гэх мэт) дүрсэлдэг. | X4: Баримлын шавраар хоёр хэсгээс бүтсэн зүйлийг бие даан барьдаг. | Y4: Бэлдэц дүрс ашиглан багшийн заавраар наамал хийдэг. | Z4: Тоглоом, эд юмс (блокон тоглоом, шагай, савх гэх мэт)-ыг бие даан бүтээл хийж, тайлбарладаг. | AA4: Байгаль, эд юмсын дуу чимээг сонсоод ялгадаг. | AB4: Тоглоом, хэрэглэгдэхүүн ашиглан аялгуунд тохируулж жигд хэмнэлээр дуугаргадаг. | AC4: Хэмнэл, аянд тохирсон хөдөлгөөн хийдэг. | AD4: Үлгэр, зохиолын танил дүрд тоглодог.
D5: СҮД: НСХ2.1а. Биеийн мэдрэмж, сэтгэл хөдлөлийг үгээр илэрхийлдэг болно. | E5: СҮД: НСХ2.1б. Өөрийн хэрэгцээгээ илэрхийлдэг болно. | F5: СҮД: ХЭМ2.1г. Алхаж, гүйхдээ гар хөлийн хөдөлгөөнөө хослуулан хурдан, удаан гүйцэтгэнэ. | G5: СҮД: ХЭМ2.1д. Сэдэвт алхалт, гүйлтийг хэрэглэл ашиглан гүйцэтгэнэ. | H5: СҮД: ХЭМ2.1е. Саадыг сүлжиж, чиглэлээ өөрчлөн мөлхөнө. | I5: СҮД: ХЭМ2.1и. Хоёр хөл дээр 5 зураас давж үсэрч бууна. (зураас хоорондын зай 35 см) | J5: СҮД: ХЭМ2.1м. Бөмбөгийг дээш шиднэ, барьж авна. | K5: СҮД: ХЭМ2.2а. Хувийн ариун цэврийг сахих үйлийг насанд хүрэгчийн зааварчилгаагаар хийнэ. | L5: СҮД: ХЭМ2.2в. Жимс, хүнсний ногоог насанд хүрэгчтэй хамтран угааж, хэрэглэнэ. | M5: СҮД: ХЯ2.1б. 3-4 үгтэй өгүүлбэрийг давтаж хэлнэ. | N5: СҮД: ХЯ2.2б. Бусадтай харилцахдаа энгийн, яриатай холбогдсон асуулт асууна. | O5: СҮД: ХЯ2.2в. Юмсын өнгө, хэмжээ, байрлал заасан үгээр ярина. | P5: СҮД: МАТ2.1а. 5 хүртэлх тооны тоглоом, юмсыг тоолох, олон ба цөөн тооны тоглоом, юмсыг зааж хэлнэ. | Q5: СҮД: МАТ2.1а. 5 хүртэлх тооны тоглоом, юмсыг тоолох, олон ба цөөн тооны тоглоом, юмсыг зааж хэлнэ. | R5: СҮД: МАТ2.2а. 3 хүртэлх тооны тоглоом юмсыг уртаар нь харьцуулна. | S5: СҮД: МАТ2.3а. Тоглоом юмсыг тодорхой шинжээр хоёр хэсэгт ангилна. | T5: СҮД: БНО2.1г. Байгалийн үзэгдлийг ялган таньж, ажиглаж ярилцана. | U5: СҮД: БНО2.2б. Гэр бүлийн гишүүдийн талаар ярьж, тэдний ажил мэргэжил, хэрэглэдэг хувцас, ажлын багаж хэрэгслийг ялган танина. | V5: СҮД: ХЯ2.2г. Үгийн утгыг ойлгож, хураангуй өгүүлбэрээр ярина. | W5: СҮД: ЗУ2.2а. Зураас, дүрсээр өөрийн бодол, төсөөллөө илэрхийлнэ. | X5: СҮД: ЗУ2.2г. Баримлын шавраар хоёр хэсгээс бүтсэн зүйлийг бие дааж барина. | Y5: СҮД: ЗУ2.2д. Бэлдэц дүрсээр бие даан нааж бүтээл урлана. | Z5: СҮД: ЗУ2.2е. Өрж байгуулах, эвлүүлж угсрах аргаар бие дааж тоглоом, эд юмсыг зохион бүтээнэ. | AA5: СҮД: ХӨГ2.1а. Байгаль, эд юмсын дуу чимээг таньж ялгана. | AB5: СҮД: ХӨГ2.1в. Дуу, аялгууны хэмнэлийг мэдэрч хамтран тоглоно. | AC5: СҮД: ХӨГ2.1г. Дуу, аялгууг мэдэрч, тохирсон хөдөлгөөн хийнэ. | AD5: СҮД: ХӨГ2.1д. Үлгэр зохиол, дуу хөгжмийн танил дүрийг дуурайж, харилцан тоглоно.
D6: 1 / 0 | E6: 1 / 0 | F6: 1 / 0 | G6: 1 / 0 | H6: 1 / 0 | I6: 1 / 0 | J6: 1 / 0 | K6: 1 / 0 | L6: 1 / 0 | M6: 1 / 0 | N6: 1 / 0 | O6: 1 / 0 | P6: 1 / 0 | Q6: 1 / 0 | R6: 1 / 0 | S6: 1 / 0 | T6: 1 / 0 | U6: 1 / 0 | V6: 1 / 0 | W6: 1 / 0 | X6: 1 / 0 | Y6: 1 / 0 | Z6: 1 / 0 | AA6: 1 / 0 | AB6: 1 / 0 | AC6: 1 / 0 | AD6: 1 / 0
A7: 1 | B7: =IF(Нэгтгэл!B7="","",Нэгтгэл!B7) | D7: 1 | E7: 1 | F7: 1 | G7: 1 | H7: 1 | I7: 1 | J7: 1 | K7: 0 | L7: 0 | M7: 1 | N7: 1 | O7: 1 | P7: 1 | Q7: 1 | R7: 1 | S7: 1 | T7: 0 | U7: 0 | V7: 1 | W7: 0 | X7: 1 | Y7: 1 | Z7: 1 | AA7: 0 | AB7: 1 | AC7: 1 | AD7: 1 | AE7: =COUNTIF(D7:AD7,1) | AF7: =IF(COUNT(D7:AD7)=0,"",ROUND(AE7/27*100,1)) | AG7: =COUNTIF(D7:AD7,0) | AH7: =IF(COUNT(D7:AD7)=0,"",ROUND(AG7/27*100,1)) | AI7: =IF(AF7="","",IF(AF7>=Нэгтгэл!$K$4,"Хангалттай эзэмшиж байна",IF(AF7>=Нэгтгэл!$K$5,"Ахиж байна","Хөгжиж байна")))
A8: 2 | B8: =IF(Нэгтгэл!B8="","",Нэгтгэл!B8) | D8: 1 | E8: 1 | F8: 1 | G8: 1 | H8: 1 | I8: 1 | J8: 1 | K8: 1 | L8: 0 | M8: 1 | N8: 1 | O8: 1 | P8: 0 | Q8: 1 | R8: 1 | S8: 0 | T8: 1 | U8: 1 | V8: 1 | W8: 1 | X8: 1 | Y8: 1 | Z8: 1 | AA8: 1 | AB8: 0 | AC8: 0 | AD8: 1 | AE8: =COUNTIF(D8:AD8,1) | AF8: =IF(COUNT(D8:AD8)=0,"",ROUND(AE8/27*100,1)) | AG8: =COUNTIF(D8:AD8,0) | AH8: =IF(COUNT(D8:AD8)=0,"",ROUND(AG8/27*100,1)) | AI8: =IF(AF8="","",IF(AF8>=Нэгтгэл!$K$4,"Хангалттай эзэмшиж байна",IF(AF8>=Нэгтгэл!$K$5,"Ахиж байна","Хөгжиж байна")))
A9: 3 | B9: =IF(Нэгтгэл!B9="","",Нэгтгэл!B9) | D9: 1 | E9: 0 | F9: 1 | G9: 0 | H9: 0 | I9: 1 | J9: 1 | K9: 0 | L9: 1 | M9: 1 | N9: 1 | O9: 0 | P9: 1 | Q9: 1 | R9: 1 | S9: 1 | T9: 0 | U9: 1 | V9: 0 | W9: 1 | X9: 1 | Y9: 0 | Z9: 1 | AA9: 0 | AB9: 1 | AC9: 1 | AD9: 1 | AE9: =COUNTIF(D9:AD9,1) | AF9: =IF(COUNT(D9:AD9)=0,"",ROUND(AE9/27*100,1)) | AG9: =COUNTIF(D9:AD9,0) | AH9: =IF(COUNT(D9:AD9)=0,"",ROUND(AG9/27*100,1)) | AI9: =IF(AF9="","",IF(AF9>=Нэгтгэл!$K$4,"Хангалттай эзэмшиж байна",IF(AF9>=Нэгтгэл!$K$5,"Ахиж байна","Хөгжиж байна")))
A10: 4 | B10: =IF(Нэгтгэл!B10="","",Нэгтгэл!B10) | D10: 1 | E10: 1 | F10: 0 | G10: 0 | H10: 1 | I10: 0 | J10: 1 | K10: 1 | L10: 1 | M10: 1 | N10: 1 | O10: 1 | P10: 1 | Q10: 1 | R10: 0 | S10: 0 | T10: 0 | U10: 1 | V10: 1 | W10: 0 | X10: 1 | Y10: 1 | Z10: 0 | AA10: 0 | AB10: 1 | AC10: 0 | AD10: 1 | AE10: =COUNTIF(D10:AD10,1) | AF10: =IF(COUNT(D10:AD10)=0,"",ROUND(AE10/27*100,1)) | AG10: =COUNTIF(D10:AD10,0) | AH10: =IF(COUNT(D10:AD10)=0,"",ROUND(AG10/27*100,1)) | AI10: =IF(AF10="","",IF(AF10>=Нэгтгэл!$K$4,"Хангалттай эзэмшиж байна",IF(AF10>=Нэгтгэл!$K$5,"Ахиж байна","Хөгжиж байна")))
A11: 5 | B11: =IF(Нэгтгэл!B11="","",Нэгтгэл!B11) | D11: 1 | E11: 1 | F11: 1 | G11: 1 | H11: 1 | I11: 0 | J11: 1 | K11: 1 | L11: 0 | M11: 1 | N11: 0 | O11: 0 | P11: 1 | Q11: 1 | R11: 1 | S11: 1 | T11: 1 | U11: 1 | V11: 0 | W11: 1 | X11: 0 | Y11: 0 | Z11: 1 | AA11: 1 | AB11: 1 | AC11: 1 | AD11: 1 | AE11: =COUNTIF(D11:AD11,1) | AF11: =IF(COUNT(D11:AD11)=0,"",ROUND(AE11/27*100,1)) | AG11: =COUNTIF(D11:AD11,0) | AH11: =IF(COUNT(D11:AD11)=0,"",ROUND(AG11/27*100,1)) | AI11: =IF(AF11="","",IF(AF11>=Нэгтгэл!$K$4,"Хангалттай эзэмшиж байна",IF(AF11>=Нэгтгэл!$K$5,"Ахиж байна","Хөгжиж байна")))
A12: 6 | B12: =IF(Нэгтгэл!B12="","",Нэгтгэл!B12) | D12: 1 | E12: 1 | F12: 0 | G12: 1 | H12: 1 | I12: 0 | J12: 1 | K12: 0 | L12: 1 | M12: 1 | N12: 1 | O12: 1 | P12: 0 | Q12: 1 | R12: 0 | S12: 1 | T12: 1 | U12: 1 | V12: 1 | W12: 0 | X12: 1 | Y12: 1 | Z12: 0 | AA12: 1 | AB12: 1 | AC12: 1 | AD12: 0 | AE12: =COUNTIF(D12:AD12,1) | AF12: =IF(COUNT(D12:AD12)=0,"",ROUND(AE12/27*100,1)) | AG12: =COUNTIF(D12:AD12,0) | AH12: =IF(COUNT(D12:AD12)=0,"",ROUND(AG12/27*100,1)) | AI12: =IF(AF12="","",IF(AF12>=Нэгтгэл!$K$4,"Хангалттай эзэмшиж байна",IF(AF12>=Нэгтгэл!$K$5,"Ахиж байна","Хөгжиж байна")))
A13: 7 | B13: =IF(Нэгтгэл!B13="","",Нэгтгэл!B13) | D13: 1 | E13: 1 | F13: 1 | G13: 1 | H13: 1 | I13: 1 | J13: 1 | K13: 1 | L13: 1 | M13: 1 | N13: 0 | O13: 0 | P13: 1 | Q13: 1 | R13: 1 | S13: 1 | T13: 1 | U13: 1 | V13: 0 | W13: 1 | X13: 0 | Y13: 1 | Z13: 0 | AA13: 0 | AB13: 1 | AC13: 0 | AD13: 1 | AE13: =COUNTIF(D13:AD13,1) | AF13: =IF(COUNT(D13:AD13)=0,"",ROUND(AE13/27*100,1)) | AG13: =COUNTIF(D13:AD13,0) | AH13: =IF(COUNT(D13:AD13)=0,"",ROUND(AG13/27*100,1)) | AI13: =IF(AF13="","",IF(AF13>=Нэгтгэл!$K$4,"Хангалттай эзэмшиж байна",IF(AF13>=Нэгтгэл!$K$5,"Ахиж байна","Хөгжиж байна")))
A14: 8 | B14: =IF(Нэгтгэл!B14="","",Нэгтгэл!B14) | D14: 1 | E14: 1 | F14: 1 | G14: 1 | H14: 1 | I14: 1 | J14: 1 | K14: 1 | L14: 0 | M14: 0 | N14: 0 | O14: 1 | P14: 0 | Q14: 1 | R14: 1 | S14: 1 | T14: 1 | U14: 1 | V14: 1 | W14: 1 | X14: 1 | Y14: 1 | Z14: 0 | AA14: 1 | AB14: 1 | AC14: 1 | AD14: 1 | AE14: =COUNTIF(D14:AD14,1) | AF14: =IF(COUNT(D14:AD14)=0,"",ROUND(AE14/27*100,1)) | AG14: =COUNTIF(D14:AD14,0) | AH14: =IF(COUNT(D14:AD14)=0,"",ROUND(AG14/27*100,1)) | AI14: =IF(AF14="","",IF(AF14>=Нэгтгэл!$K$4,"Хангалттай эзэмшиж байна",IF(AF14>=Нэгтгэл!$K$5,"Ахиж байна","Хөгжиж байна")))
A15: 9 | B15: =IF(Нэгтгэл!B15="","",Нэгтгэл!B15) | D15: 1 | E15: 1 | F15: 1 | G15: 1 | H15: 1 | I15: 0 | J15: 1 | K15: 0 | L15: 1 | M15: 1 | N15: 1 | O15: 1 | P15: 0 | Q15: 1 | R15: 1 | S15: 1 | T15: 0 | U15: 1 | V15: 0 | W15: 0 | X15: 1 | Y15: 0 | Z15: 1 | AA15: 1 | AB15: 1 | AC15: 1 | AD15: 0 | AE15: =COUNTIF(D15:AD15,1) | AF15: =IF(COUNT(D15:AD15)=0,"",ROUND(AE15/27*100,1)) | AG15: =COUNTIF(D15:AD15,0) | AH15: =IF(COUNT(D15:AD15)=0,"",ROUND(AG15/27*100,1)) | AI15: =IF(AF15="","",IF(AF15>=Нэгтгэл!$K$4,"Хангалттай эзэмшиж байна",IF(AF15>=Нэгтгэл!$K$5,"Ахиж байна","Хөгжиж байна")))
A16: 10 | B16: =IF(Нэгтгэл!B16="","",Нэгтгэл!B16) | D16: 1 | E16: 1 | F16: 1 | G16: 1 | H16: 0 | I16: 1 | J16: 1 | K16: 1 | L16: 1 | M16: 0 | N16: 1 | O16: 1 | P16: 1 | Q16: 1 | R16: 1 | S16: 1 | T16: 1 | U16: 1 | V16: 1 | W16: 1 | X16: 1 | Y16: 0 | Z16: 1 | AA16: 1 | AB16: 0 | AC16: 0 | AD16: 1 | AE16: =COUNTIF(D16:AD16,1) | AF16: =IF(COUNT(D16:AD16)=0,"",ROUND(AE16/27*100,1)) | AG16: =COUNTIF(D16:AD16,0) | AH16: =IF(COUNT(D16:AD16)=0,"",ROUND(AG16/27*100,1)) | AI16: =IF(AF16="","",IF(AF16>=Нэгтгэл!$K$4,"Хангалттай эзэмшиж байна",IF(AF16>=Нэгтгэл!$K$5,"Ахиж байна","Хөгжиж байна")))
A17: 11 | B17: =IF(Нэгтгэл!B17="","",Нэгтгэл!B17) | D17: 0 | E17: 1 | F17: 1 | G17: 1 | H17: 1 | I17: 1 | J17: 1 | K17: 0 | L17: 0 | M17: 0 | N17: 1 | O17: 1 | P17: 0 | Q17: 1 | R17: 1 | S17: 1 | T17: 1 | U17: 0 | V17: 1 | W17: 0 | X17: 1 | Y17: 1 | Z17: 1 | AA17: 1 | AB17: 1 | AC17: 1 | AD17: 1 | AE17: =COUNTIF(D17:AD17,1) | AF17: =IF(COUNT(D17:AD17)=0,"",ROUND(AE17/27*100,1)) | AG17: =COUNTIF(D17:AD17,0) | AH17: =IF(COUNT(D17:AD17)=0,"",ROUND(AG17/27*100,1)) | AI17: =IF(AF17="","",IF(AF17>=Нэгтгэл!$K$4,"Хангалттай эзэмшиж байна",IF(AF17>=Нэгтгэл!$K$5,"Ахиж байна","Хөгжиж байна")))
A18: 12 | B18: =IF(Нэгтгэл!B18="","",Нэгтгэл!B18) | D18: 1 | E18: 1 | F18: 1 | G18: 0 | H18: 1 | I18: 1 | J18: 1 | K18: 1 | L18: 1 | M18: 0 | N18: 1 | O18: 1 | P18: 1 | Q18: 0 | R18: 0 | S18: 1 | T18: 1 | U18: 1 | V18: 1 | W18: 1 | X18: 1 | Y18: 1 | Z18: 0 | AA18: 1 | AB18: 0 | AC18: 1 | AD18: 1 | AE18: =COUNTIF(D18:AD18,1) | AF18: =IF(COUNT(D18:AD18)=0,"",ROUND(AE18/27*100,1)) | AG18: =COUNTIF(D18:AD18,0) | AH18: =IF(COUNT(D18:AD18)=0,"",ROUND(AG18/27*100,1)) | AI18: =IF(AF18="","",IF(AF18>=Нэгтгэл!$K$4,"Хангалттай эзэмшиж байна",IF(AF18>=Нэгтгэл!$K$5,"Ахиж байна","Хөгжиж байна")))
... A55: 49 | B55: =IF(Нэгтгэл!B55="","",Нэгтгэл!B55) | D55: 1 | E55: 1 | F55: 1 | G55: 1 | H55: 1 | I55: 1 | J55: 0 | K55: 1 | L55: 1 | M55: 0 | N55: 0 | O55: 0 | P55: 1 | Q55: 1 | R55: 1 | S55: 1 | T55: 1 | U55: 1 | V55: 1 | W55: 1 | X55: 0 | Y55: 1 | Z55: 1 | AA55: 0 | AB55: 1 | AC55: 1 | AD55: 0 | AE55: =COUNTIF(D55:AD55,1) | AF55: =IF(COUNT(D55:AD55)=0,"",ROUND(AE55/27*100,1)) | AG55: =COUNTIF(D55:AD55,0) | AH55: =IF(COUNT(D55:AD55)=0,"",ROUND(AG55/27*100,1)) | AI55: =IF(AF55="","",IF(AF55>=Нэгтгэл!$K$4,"Хангалттай эзэмшиж байна",IF(AF55>=Нэгтгэл!$K$5,"Ахиж байна","Хөгжиж байна")))
A56: Чадна (1) | D56: =COUNTIF(D7:D55,1) | E56: =COUNTIF(E7:E55,1) | F56: =COUNTIF(F7:F55,1) | G56: =COUNTIF(G7:G55,1) | H56: =COUNTIF(H7:H55,1) | I56: =COUNTIF(I7:I55,1) | J56: =COUNTIF(J7:J55,1) | K56: =COUNTIF(K7:K55,1) | ... AD56: =COUNTIF(AD7:AD55,1) | AE56: Хангалттай эзэмшиж байна | AI56: =COUNTIF(AI7:AI55,"Хангалттай эзэмшиж байна")
A57: Хувь | D57: =IF(COUNT(D7:D55)=0,"",ROUND(COUNTIF(D7:D55,1)/COUNT(D7:D55)*100,1)) | E57: =IF(COUNT(E7:E55)=0,"",ROUND(COUNTIF(E7:E55,1)/COUNT(E7:E55)*100,1)) | F57: =IF(COUNT(F7:F55)=0,"",ROUND(COUNTIF(F7:F55,1)/COUNT(F7:F55)*100,1)) | G57: =IF(COUNT(G7:G55)=0,"",ROUND(COUNTIF(G7:G55,1)/COUNT(G7:G55)*100,1)) | H57: =IF(COUNT(H7:H55)=0,"",ROUND(COUNTIF(H7:H55,1)/COUNT(H7:H55)*100,1)) | I57: =IF(COUNT(I7:I55)=0,"",ROUND(COUNTIF(I7:I55,1)/COUNT(I7:I55)*100,1)) | J57: =IF(COUNT(J7:J55)=0,"",ROUND(COUNTIF(J7:J55,1)/COUNT(J7:J55)*100,1)) | K57: =IF(COUNT(K7:K55)=0,"",ROUND(COUNTIF(K7:K55,1)/COUNT(K7:K55)*100,1)) | ... AD57: =IF(COUNT(AD7:AD55)=0,"",ROUND(COUNTIF(AD7:AD55,1)/COUNT(AD7:AD55)*100,1)) | AE57: Ахиж байна | AI57: =COUNTIF(AI7:AI55,"Ахиж байна")
A58: Чадахгүй (0) | D58: =COUNTIF(D7:D55,0) | E58: =COUNTIF(E7:E55,0) | F58: =COUNTIF(F7:F55,0) | G58: =COUNTIF(G7:G55,0) | H58: =COUNTIF(H7:H55,0) | I58: =COUNTIF(I7:I55,0) | J58: =COUNTIF(J7:J55,0) | K58: =COUNTIF(K7:K55,0) | ... AD58: =COUNTIF(AD7:AD55,0) | AE58: Хөгжиж байна | AI58: =COUNTIF(AI7:AI55,"Хөгжиж байна")
A59: Хувь | D59: =IF(COUNT(D7:D55)=0,"",ROUND(COUNTIF(D7:D55,0)/COUNT(D7:D55)*100,1)) | E59: =IF(COUNT(E7:E55)=0,"",ROUND(COUNTIF(E7:E55,0)/COUNT(E7:E55)*100,1)) | F59: =IF(COUNT(F7:F55)=0,"",ROUND(COUNTIF(F7:F55,0)/COUNT(F7:F55)*100,1)) | G59: =IF(COUNT(G7:G55)=0,"",ROUND(COUNTIF(G7:G55,0)/COUNT(G7:G55)*100,1)) | H59: =IF(COUNT(H7:H55)=0,"",ROUND(COUNTIF(H7:H55,0)/COUNT(H7:H55)*100,1)) | I59: =IF(COUNT(I7:I55)=0,"",ROUND(COUNTIF(I7:I55,0)/COUNT(I7:I55)*100,1)) | J59: =IF(COUNT(J7:J55)=0,"",ROUND(COUNTIF(J7:J55,0)/COUNT(J7:J55)*100,1)) | K59: =IF(COUNT(K7:K55)=0,"",ROUND(COUNTIF(K7:K55,0)/COUNT(K7:K55)*100,1)) | ... AD59: =IF(COUNT(AD7:AD55)=0,"",ROUND(COUNTIF(AD7:AD55,0)/COUNT(AD7:AD55)*100,1))

Sheet Төлөвшил
A1: ................ ЦЭЦЭРЛЭГИЙН ДУНД БҮЛГИЙН (3 НАС) ГАРААНЫ (ОНОШЛОХ) ҮНЭЛГЭЭ
A2: Үнэлгээний хүрээ: Төлөвшил Огноо: 20.... оны .... сар Багш: ................................ Чадна = 1, Чадахгүй = 0 (А/79 журам, II түвшний шалгуур)
A3: № | B3: Хүүхдийн код | D3: Үнэлгээний хүрээ: Төлөвшил | J3: Чадна (1) | K3: Хувь | L3: Чадахгүй (0) | M3: Хувь | N3: Түвшин
D4: Хооллож дууссаны дараа хоолны хэрэгслийг хураадаг. | E4: Бусдад өөрийн санаачилгаар тусалдаг. | F4: Бусадтай хамтран үйл ажиллагаанд оролцдог. | G4: Энгийн заавар, дүрэм (ус хэмнэх, хогийг ангилж хаях гэх мэт)-ийг биелүүлдэг. | H4: Тасалгааны ургамлын тоосыг арчиж, усалдаг. | I4: Дууг бусадтай хамтран дуулдаг.
D5: СҮД: ХЭМ2.2г. Өөрийн хоолны хэрэгслийг хэрэглэнэ, хоолны дараа хураана. | E5: СҮД: НСХ2.2б. Насанд хүрэгчийн тусламжтай бусдын биеийн мэдрэмж, сэтгэл хөдлөлийг анзаарч энэрэх үйлдэл үзүүлдэг болно. | F5: СҮД: НСХ2.3в. Аливаа үйл ажиллагаанд бие даан дуртай оролцдог болно. | G5: СҮД: БНО2.2г. Өөрийн тоглоом, эд зүйлсээ зориулалтын дагуу хэрэглэж, ус хэмнэх, хогоо ангилж хаяхдаа бусдын тусламжтай хийнэ. | H5: СҮД: БНО2.1б. Тасалгааны ургамлын тоосыг арчих, услах үйлд оролцоно. | I5: СҮД: ХӨГ2.1б. Дууны аялгууг дагаж, хамтдаа дуулна.
D6: 1 / 0 | E6: 1 / 0 | F6: 1 / 0 | G6: 1 / 0 | H6: 1 / 0 | I6: 1 / 0
A7: 1 | B7: =IF(Нэгтгэл!B7="","",Нэгтгэл!B7) | D7: 1 | E7: 1 | F7: 1 | G7: 0 | H7: 1 | I7: 1 | J7: =COUNTIF(D7:I7,1) | K7: =IF(COUNT(D7:I7)=0,"",ROUND(J7/6*100,1)) | L7: =COUNTIF(D7:I7,0) | M7: =IF(COUNT(D7:I7)=0,"",ROUND(L7/6*100,1)) | N7: =IF(K7="","",IF(K7>=Нэгтгэл!$K$4,"Хангалттай эзэмшиж байна",IF(K7>=Нэгтгэл!$K$5,"Ахиж байна","Хөгжиж байна")))
A8: 2 | B8: =IF(Нэгтгэл!B8="","",Нэгтгэл!B8) | D8: 0 | E8: 1 | F8: 1 | G8: 0 | H8: 1 | I8: 0 | J8: =COUNTIF(D8:I8,1) | K8: =IF(COUNT(D8:I8)=0,"",ROUND(J8/6*100,1)) | L8: =COUNTIF(D8:I8,0) | M8: =IF(COUNT(D8:I8)=0,"",ROUND(L8/6*100,1)) | N8: =IF(K8="","",IF(K8>=Нэгтгэл!$K$4,"Хангалттай эзэмшиж байна",IF(K8>=Нэгтгэл!$K$5,"Ахиж байна","Хөгжиж байна")))
A9: 3 | B9: =IF(Нэгтгэл!B9="","",Нэгтгэл!B9) | D9: 0 | E9: 0 | F9: 1 | G9: 1 | H9: 1 | I9: 0 | J9: =COUNTIF(D9:I9,1) | K9: =IF(COUNT(D9:I9)=0,"",ROUND(J9/6*100,1)) | L9: =COUNTIF(D9:I9,0) | M9: =IF(COUNT(D9:I9)=0,"",ROUND(L9/6*100,1)) | N9: =IF(K9="","",IF(K9>=Нэгтгэл!$K$4,"Хангалттай эзэмшиж байна",IF(K9>=Нэгтгэл!$K$5,"Ахиж байна","Хөгжиж байна")))
A10: 4 | B10: =IF(Нэгтгэл!B10="","",Нэгтгэл!B10) | D10: 0 | E10: 1 | F10: 0 | G10: 0 | H10: 1 | I10: 1 | J10: =COUNTIF(D10:I10,1) | K10: =IF(COUNT(D10:I10)=0,"",ROUND(J10/6*100,1)) | L10: =COUNTIF(D10:I10,0) | M10: =IF(COUNT(D10:I10)=0,"",ROUND(L10/6*100,1)) | N10: =IF(K10="","",IF(K10>=Нэгтгэл!$K$4,"Хангалттай эзэмшиж байна",IF(K10>=Нэгтгэл!$K$5,"Ахиж байна","Хөгжиж байна")))
A11: 5 | B11: =IF(Нэгтгэл!B11="","",Нэгтгэл!B11) | D11: 0 | E11: 1 | F11: 1 | G11: 1 | H11: 1 | I11: 1 | J11: =COUNTIF(D11:I11,1) | K11: =IF(COUNT(D11:I11)=0,"",ROUND(J11/6*100,1)) | L11: =COUNTIF(D11:I11,0) | M11: =IF(COUNT(D11:I11)=0,"",ROUND(L11/6*100,1)) | N11: =IF(K11="","",IF(K11>=Нэгтгэл!$K$4,"Хангалттай эзэмшиж байна",IF(K11>=Нэгтгэл!$K$5,"Ахиж байна","Хөгжиж байна")))
A12: 6 | B12: =IF(Нэгтгэл!B12="","",Нэгтгэл!B12) | D12: 1 | E12: 1 | F12: 1 | G12: 1 | H12: 1 | I12: 1 | J12: =COUNTIF(D12:I12,1) | K12: =IF(COUNT(D12:I12)=0,"",ROUND(J12/6*100,1)) | L12: =COUNTIF(D12:I12,0) | M12: =IF(COUNT(D12:I12)=0,"",ROUND(L12/6*100,1)) | N12: =IF(K12="","",IF(K12>=Нэгтгэл!$K$4,"Хангалттай эзэмшиж байна",IF(K12>=Нэгтгэл!$K$5,"Ахиж байна","Хөгжиж байна")))
A13: 7 | B13: =IF(Нэгтгэл!B13="","",Нэгтгэл!B13) | D13: 1 | E13: 1 | F13: 0 | G13: 0 | H13: 1 | I13: 0 | J13: =COUNTIF(D13:I13,1) | K13: =IF(COUNT(D13:I13)=0,"",ROUND(J13/6*100,1)) | L13: =COUNTIF(D13:I13,0) | M13: =IF(COUNT(D13:I13)=0,"",ROUND(L13/6*100,1)) | N13: =IF(K13="","",IF(K13>=Нэгтгэл!$K$4,"Хангалттай эзэмшиж байна",IF(K13>=Нэгтгэл!$K$5,"Ахиж байна","Хөгжиж байна")))
A14: 8 | B14: =IF(Нэгтгэл!B14="","",Нэгтгэл!B14) | D14: 0 | E14: 1 | F14: 1 | G14: 1 | H14: 0 | I14: 0 | J14: =COUNTIF(D14:I14,1) | K14: =IF(COUNT(D14:I14)=0,"",ROUND(J14/6*100,1)) | L14: =COUNTIF(D14:I14,0) | M14: =IF(COUNT(D14:I14)=0,"",ROUND(L14/6*100,1)) | N14: =IF(K14="","",IF(K14>=Нэгтгэл!$K$4,"Хангалттай эзэмшиж байна",IF(K14>=Нэгтгэл!$K$5,"Ахиж байна","Хөгжиж байна")))
A15: 9 | B15: =IF(Нэгтгэл!B15="","",Нэгтгэл!B15) | D15: 1 | E15: 0 | F15: 1 | G15: 1 | H15: 0 | I15: 0 | J15: =COUNTIF(D15:I15,1) | K15: =IF(COUNT(D15:I15)=0,"",ROUND(J15/6*100,1)) | L15: =COUNTIF(D15:I15,0) | M15: =IF(COUNT(D15:I15)=0,"",ROUND(L15/6*100,1)) | N15: =IF(K15="","",IF(K15>=Нэгтгэл!$K$4,"Хангалттай эзэмшиж байна",IF(K15>=Нэгтгэл!$K$5,"Ахиж байна","Хөгжиж байна")))
A16: 10 | B16: =IF(Нэгтгэл!B16="","",Нэгтгэл!B16) | D16: 0 | E16: 1 | F16: 0 | G16: 1 | H16: 1 | I16: 1 | J16: =COUNTIF(D16:I16,1) | K16: =IF(COUNT(D16:I16)=0,"",ROUND(J16/6*100,1)) | L16: =COUNTIF(D16:I16,0) | M16: =IF(COUNT(D16:I16)=0,"",ROUND(L16/6*100,1)) | N16: =IF(K16="","",IF(K16>=Нэгтгэл!$K$4,"Хангалттай эзэмшиж байна",IF(K16>=Нэгтгэл!$K$5,"Ахиж байна","Хөгжиж байна")))
A17: 11 | B17: =IF(Нэгтгэл!B17="","",Нэгтгэл!B17) | D17: 1 | E17: 1 | F17: 1 | G17: 1 | H17: 0 | I17: 1 | J17: =COUNTIF(D17:I17,1) | K17: =IF(COUNT(D17:I17)=0,"",ROUND(J17/6*100,1)) | L17: =COUNTIF(D17:I17,0) | M17: =IF(COUNT(D17:I17)=0,"",ROUND(L17/6*100,1)) | N17: =IF(K17="","",IF(K17>=Нэгтгэл!$K$4,"Хангалттай эзэмшиж байна",IF(K17>=Нэгтгэл!$K$5,"Ахиж байна","Хөгжиж байна")))
A18: 12 | B18: =IF(Нэгтгэл!B18="","",Нэгтгэл!B18) | D18: 1 | E18: 1 | F18: 0 | G18: 1 | H18: 1 | I18: 0 | J18: =COUNTIF(D18:I18,1) | K18: =IF(COUNT(D18:I18)=0,"",ROUND(J18/6*100,1)) | L18: =COUNTIF(D18:I18,0) | M18: =IF(COUNT(D18:I18)=0,"",ROUND(L18/6*100,1)) | N18: =IF(K18="","",IF(K18>=Нэгтгэл!$K$4,"Хангалттай эзэмшиж байна",IF(K18>=Нэгтгэл!$K$5,"Ахиж байна","Хөгжиж байна")))
... A55: 49 | B55: =IF(Нэгтгэл!B55="","",Нэгтгэл!B55) | D55: 0 | E55: 0 | F55: 0 | G55: 1 | H55: 1 | I55: 1 | J55: =COUNTIF(D55:I55,1) | K55: =IF(COUNT(D55:I55)=0,"",ROUND(J55/6*100,1)) | L55: =COUNTIF(D55:I55,0) | M55: =IF(COUNT(D55:I55)=0,"",ROUND(L55/6*100,1)) | N55: =IF(K55="","",IF(K55>=Нэгтгэл!$K$4,"Хангалттай эзэмшиж байна",IF(K55>=Нэгтгэл!$K$5,"Ахиж байна","Хөгжиж байна")))
A56: Чадна (1) | D56: =COUNTIF(D7:D55,1) | E56: =COUNTIF(E7:E55,1) | F56: =COUNTIF(F7:F55,1) | G56: =COUNTIF(G7:G55,1) | H56: =COUNTIF(H7:H55,1) | I56: =COUNTIF(I7:I55,1) | J56: Хангалттай эзэмшиж байна | N56: =COUNTIF(N7:N55,"Хангалттай эзэмшиж байна")
A57: Хувь | D57: =IF(COUNT(D7:D55)=0,"",ROUND(COUNTIF(D7:D55,1)/COUNT(D7:D55)*100,1)) | E57: =IF(COUNT(E7:E55)=0,"",ROUND(COUNTIF(E7:E55,1)/COUNT(E7:E55)*100,1)) | F57: =IF(COUNT(F7:F55)=0,"",ROUND(COUNTIF(F7:F55,1)/COUNT(F7:F55)*100,1)) | G57: =IF(COUNT(G7:G55)=0,"",ROUND(COUNTIF(G7:G55,1)/COUNT(G7:G55)*100,1)) | H57: =IF(COUNT(H7:H55)=0,"",ROUND(COUNTIF(H7:H55,1)/COUNT(H7:H55)*100,1)) | I57: =IF(COUNT(I7:I55)=0,"",ROUND(COUNTIF(I7:I55,1)/COUNT(I7:I55)*100,1)) | J57: Ахиж байна | N57: =COUNTIF(N7:N55,"Ахиж байна")
A58: Чадахгүй (0) | D58: =COUNTIF(D7:D55,0) | E58: =COUNTIF(E7:E55,0) | F58: =COUNTIF(F7:F55,0) | G58: =COUNTIF(G7:G55,0) | H58: =COUNTIF(H7:H55,0) | I58: =COUNTIF(I7:I55,0) | J58: Хөгжиж байна | N58: =COUNTIF(N7:N55,"Хөгжиж байна")
A59: Хувь | D59: =IF(COUNT(D7:D55)=0,"",ROUND(COUNTIF(D7:D55,0)/COUNT(D7:D55)*100,1)) | E59: =IF(COUNT(E7:E55)=0,"",ROUND(COUNTIF(E7:E55,0)/COUNT(E7:E55)*100,1)) | F59: =IF(COUNT(F7:F55)=0,"",ROUND(COUNTIF(F7:F55,0)/COUNT(F7:F55)*100,1)) | G59: =IF(COUNT(G7:G55)=0,"",ROUND(COUNTIF(G7:G55,0)/COUNT(G7:G55)*100,1)) | H59: =IF(COUNT(H7:H55)=0,"",ROUND(COUNTIF(H7:H55,0)/COUNT(H7:H55)*100,1)) | I59: =IF(COUNT(I7:I55)=0,"",ROUND(COUNTIF(I7:I55,0)/COUNT(I7:I55)*100,1))
