Workbook

Sheet Нэгтгэл
A1: ................ ЦЭЦЭРЛЭГИЙН АХЛАХ БҮЛГИЙН (4 НАС) ГАРААНЫ (ОНОШЛОХ) ҮНЭЛГЭЭНИЙ НЭГТГЭЛ
A2: Огноо: 20.... оны .... сар Багш: .................... Хүүхдийн кодыг B баганад бичнэ.
A3: № | B3: Хүүхдийн код | C3: «Чадна» хувь (%) | F3: Нийт чадна (46-аас) | G3: Нийт хувь | H3: Түвшин | J3: Түвшний босго (%) — өөрчилж болно
C4: Үнэлгээний хүрээ | J4: Хангалттай эзэмшиж байна ≥ | K4: 80
C5: Мэдлэг | D5: Чадвар | E5: Төлөвшил | J5: Ахиж байна ≥ | K5: 50
C6: 9 | D6: 31 | E6: 6 | J6: Бусад нь «Хөгжиж байна» (А/79, 2.10)
A7: 1 | B7: Х-01 | C7: =IF(COUNT('Мэдлэг'!D7:L7)=0,"",ROUND(COUNTIF('Мэдлэг'!D7:L7,1)/9*100,1)) | D7: =IF(COUNT('Чадвар'!D7:AH7)=0,"",ROUND(COUNTIF('Чадвар'!D7:AH7,1)/31*100,1)) | E7: =IF(COUNT('Төлөвшил'!D7:I7)=0,"",ROUND(COUNTIF('Төлөвшил'!D7:I7,1)/6*100,1)) | F7: =COUNTIF('Мэдлэг'!D7:L7,1)+COUNTIF('Чадвар'!D7:AH7,1)+COUNTIF('Төлөвшил'!D7:I7,1) | G7: =IF((COUNT('Мэдлэг'!D7:L7)+COUNT('Чадвар'!D7:AH7)+COUNT('Төлөвшил'!D7:I7))=0,"",ROUND(F7/46*100,1)) | H7: =IF(G7="","",IF(G7>=Нэгтгэл!$K$4,"Хангалттай эзэмшиж байна",IF(G7>=Нэгтгэл!$K$5,"Ахиж байна","Хөгжиж байна")))
A8: 2 | B8: Х-02 | C8: =IF(COUNT('Мэдлэг'!D8:L8)=0,"",ROUND(COUNTIF('Мэдлэг'!D8:L8,1)/9*100,1)) | D8: =IF(COUNT('Чадвар'!D8:AH8)=0,"",ROUND(COUNTIF('Чадвар'!D8:AH8,1)/31*100,1)) | E8: =IF(COUNT('Төлөвшил'!D8:I8)=0,"",ROUND(COUNTIF('Төлөвшил'!D8:I8,1)/6*100,1)) | F8: =COUNTIF('Мэдлэг'!D8:L8,1)+COUNTIF('Чадвар'!D8:AH8,1)+COUNTIF('Төлөвшил'!D8:I8,1) | G8: =IF((COUNT('Мэдлэг'!D8:L8)+COUNT('Чадвар'!D8:AH8)+COUNT('Төлөвшил'!D8:I8))=0,"",ROUND(F8/46*100,1)) | H8: =IF(G8="","",IF(G8>=Нэгтгэл!$K$4,"Хангалттай эзэмшиж байна",IF(G8>=Нэгтгэл!$K$5,"Ахиж байна","Хөгжиж байна")))
A9: 3 | B9: Х-03 | C9: =IF(COUNT('Мэдлэг'!D9:L9)=0,"",ROUND(COUNTIF('Мэдлэг'!D9:L9,1)/9*100,1)) | D9: =IF(COUNT('Чадвар'!D9:AH9)=0,"",ROUND(COUNTIF('Чадвар'!D9:AH9,1)/31*100,1)) | E9: =IF(COUNT('Төлөвшил'!D9:I9)=0,"",ROUND(COUNTIF('Төлөвшил'!D9:I9,1)/6*100,1)) | F9: =COUNTIF('Мэдлэг'!D9:L9,1)+COUNTIF('Чадвар'!D9:AH9,1)+COUNTIF('Төлөвшил'!D9:I9,1) | G9: =IF((COUNT('Мэдлэг'!D9:L9)+COUNT('Чадвар'!D9:AH9)+COUNT('Төлөвшил'!D9:I9))=0,"",ROUND(F9/46*100,1)) | H9: =IF(G9="","",IF(G9>=Нэгтгэл!$K$4,"Хангалттай эзэмшиж байна",IF(G9>=Нэгтгэл!$K$5,"Ахиж байна","Хөгжиж байна")))
A10: 4 | B10: Х-04 | C10: =IF(COUNT('Мэдлэг'!D10:L10)=0,"",ROUND(COUNTIF('Мэдлэг'!D10:L10,1)/9*100,1)) | D10: =IF(COUNT('Чадвар'!D10:AH10)=0,"",ROUND(COUNTIF('Чадвар'!D10:AH10,1)/31*100,1)) | E10: =IF(COUNT('Төлөвшил'!D10:I10)=0,"",ROUND(COUNTIF('Төлөвшил'!D10:I10,1)/6*100,1)) | F10: =COUNTIF('Мэдлэг'!D10:L10,1)+COUNTIF('Чадвар'!D10:AH10,1)+COUNTIF('Төлөвшил'!D10:I10,1) | G10: =IF((COUNT('Мэдлэг'!D10:L10)+COUNT('Чадвар'!D10:AH10)+COUNT('Төлөвшил'!D10:I10))=0,"",ROUND(F10/46*100,1)) | H10: =IF(G10="","",IF(G10>=Нэгтгэл!$K$4,"Хангалттай эзэмшиж байна",IF(G10>=Нэгтгэл!$K$5,"Ахиж байна","Хөгжиж байна")))
A11: 5 | B11: Х-05 | C11: =IF(COUNT('Мэдлэг'!D11:L11)=0,"",ROUND(COUNTIF('Мэдлэг'!D11:L11,1)/9*100,1)) | D11: =IF(COUNT('Чадвар'!D11:AH11)=0,"",ROUND(COUNTIF('Чадвар'!D11:AH11,1)/31*100,1)) | E11: =IF(COUNT('Төлөвшил'!D11:I11)=0,"",ROUND(COUNTIF('Төлөвшил'!D11:I11,1)/6*100,1)) | F11: =COUNTIF('Мэдлэг'!D11:L11,1)+COUNTIF('Чадвар'!D11:AH11,1)+COUNTIF('Төлөвшил'!D11:I11,1) | G11: =IF((COUNT('Мэдлэг'!D11:L11)+COUNT('Чадвар'!D11:AH11)+COUNT('Төлөвшил'!D11:I11))=0,"",ROUND(F11/46*100,1)) | H11: =IF(G11="","",IF(G11>=Нэгтгэл!$K$4,"Хангалттай эзэмшиж байна",IF(G11>=Нэгтгэл!$K$5,"Ахиж байна","Хөгжиж байна")))
A12: 6 | B12: Х-06 | C12: =IF(COUNT('Мэдлэг'!D12:L12)=0,"",ROUND(COUNTIF('Мэдлэг'!D12:L12,1)/9*100,1)) | D12: =IF(COUNT('Чадвар'!D12:AH12)=0,"",ROUND(COUNTIF('Чадвар'!D12:AH12,1)/31*100,1)) | E12: =IF(COUNT('Төлөвшил'!D12:I12)=0,"",ROUND(COUNTIF('Төлөвшил'!D12:I12,1)/6*100,1)) | F12: =COUNTIF('Мэдлэг'!D12:L12,1)+COUNTIF('Чадвар'!D12:AH12,1)+COUNTIF('Төлөвшил'!D12:I12,1) | G12: =IF((COUNT('Мэдлэг'!D12:L12)+COUNT('Чадвар'!D12:AH12)+COUNT('Төлөвшил'!D12:I12))=0,"",ROUND(F12/46*100,1)) | H12: =IF(G12="","",IF(G12>=Нэгтгэл!$K$4,"Хангалттай эзэмшиж байна",IF(G12>=Нэгтгэл!$K$5,"Ахиж байна","Хөгжиж байна")))
A13: 7 | B13: Х-07 | C13: =IF(COUNT('Мэдлэг'!D13:L13)=0,"",ROUND(COUNTIF('Мэдлэг'!D13:L13,1)/9*100,1)) | D13: =IF(COUNT('Чадвар'!D13:AH13)=0,"",ROUND(COUNTIF('Чадвар'!D13:AH13,1)/31*100,1)) | E13: =IF(COUNT('Төлөвшил'!D13:I13)=0,"",ROUND(COUNTIF('Төлөвшил'!D13:I13,1)/6*100,1)) | F13: =COUNTIF('Мэдлэг'!D13:L13,1)+COUNTIF('Чадвар'!D13:AH13,1)+COUNTIF('Төлөвшил'!D13:I13,1) | G13: =IF((COUNT('Мэдлэг'!D13:L13)+COUNT('Чадвар'!D13:AH13)+COUNT('Төлөвшил'!D13:I13))=0,"",ROUND(F13/46*100,1)) | H13: =IF(G13="","",IF(G13>=Нэгтгэл!$K$4,"Хангалттай эзэмшиж байна",IF(G13>=Нэгтгэл!$K$5,"Ахиж байна","Хөгжиж байна")))
A14: 8 | B14: Х-08 | C14: =IF(COUNT('Мэдлэг'!D14:L14)=0,"",ROUND(COUNTIF('Мэдлэг'!D14:L14,1)/9*100,1)) | D14: =IF(COUNT('Чадвар'!D14:AH14)=0,"",ROUND(COUNTIF('Чадвар'!D14:AH14,1)/31*100,1)) | E14: =IF(COUNT('Төлөвшил'!D14:I14)=0,"",ROUND(COUNTIF('Төлөвшил'!D14:I14,1)/6*100,1)) | F14: =COUNTIF('Мэдлэг'!D14:L14,1)+COUNTIF('Чадвар'!D14:AH14,1)+COUNTIF('Төлөвшил'!D14:I14,1) | G14: =IF((COUNT('Мэдлэг'!D14:L14)+COUNT('Чадвар'!D14:AH14)+COUNT('Төлөвшил'!D14:I14))=0,"",ROUND(F14/46*100,1)) | H14: =IF(G14="","",IF(G14>=Нэгтгэл!$K$4,"Хангалттай эзэмшиж байна",IF(G14>=Нэгтгэл!$K$5,"Ахиж байна","Хөгжиж байна")))
A15: 9 | B15: Х-09 | C15: =IF(COUNT('Мэдлэг'!D15:L15)=0,"",ROUND(COUNTIF('Мэдлэг'!D15:L15,1)/9*100,1)) | D15: =IF(COUNT('Чадвар'!D15:AH15)=0,"",ROUND(COUNTIF('Чадвар'!D15:AH15,1)/31*100,1)) | E15: =IF(COUNT('Төлөвшил'!D15:I15)=0,"",ROUND(COUNTIF('Төлөвшил'!D15:I15,1)/6*100,1)) | F15: =COUNTIF('Мэдлэг'!D15:L15,1)+COUNTIF('Чадвар'!D15:AH15,1)+COUNTIF('Төлөвшил'!D15:I15,1) | G15: =IF((COUNT('Мэдлэг'!D15:L15)+COUNT('Чадвар'!D15:AH15)+COUNT('Төлөвшил'!D15:I15))=0,"",ROUND(F15/46*100,1)) | H15: =IF(G15="","",IF(G15>=Нэгтгэл!$K$4,"Хангалттай эзэмшиж байна",IF(G15>=Нэгтгэл!$K$5,"Ахиж байна","Хөгжиж байна")))
A16: 10 | B16: Х-10 | C16: =IF(COUNT('Мэдлэг'!D16:L16)=0,"",ROUND(COUNTIF('Мэдлэг'!D16:L16,1)/9*100,1)) | D16: =IF(COUNT('Чадвар'!D16:AH16)=0,"",ROUND(COUNTIF('Чадвар'!D16:AH16,1)/31*100,1)) | E16: =IF(COUNT('Төлөвшил'!D16:I16)=0,"",ROUND(COUNTIF('Төлөвшил'!D16:I16,1)/6*100,1)) | F16: =COUNTIF('Мэдлэг'!D16:L16,1)+COUNTIF('Чадвар'!D16:AH16,1)+COUNTIF('Төлөвшил'!D16:I16,1) | G16: =IF((COUNT('Мэдлэг'!D16:L16)+COUNT('Чадвар'!D16:AH16)+COUNT('Төлөвшил'!D16:I16))=0,"",ROUND(F16/46*100,1)) | H16: =IF(G16="","",IF(G16>=Нэгтгэл!$K$4,"Хангалттай эзэмшиж байна",IF(G16>=Нэгтгэл!$K$5,"Ахиж байна","Хөгжиж байна")))
A17: 11 | B17: Х-11 | C17: =IF(COUNT('Мэдлэг'!D17:L17)=0,"",ROUND(COUNTIF('Мэдлэг'!D17:L17,1)/9*100,1)) | D17: =IF(COUNT('Чадвар'!D17:AH17)=0,"",ROUND(COUNTIF('Чадвар'!D17:AH17,1)/31*100,1)) | E17: =IF(COUNT('Төлөвшил'!D17:I17)=0,"",ROUND(COUNTIF('Төлөвшил'!D17:I17,1)/6*100,1)) | F17: =COUNTIF('Мэдлэг'!D17:L17,1)+COUNTIF('Чадвар'!D17:AH17,1)+COUNTIF('Төлөвшил'!D17:I17,1) | G17: =IF((COUNT('Мэдлэг'!D17:L17)+COUNT('Чадвар'!D17:AH17)+COUNT('Төлөвшил'!D17:I17))=0,"",ROUND(F17/46*100,1)) | H17: =IF(G17="","",IF(G17>=Нэгтгэл!$K$4,"Хангалттай эзэмшиж байна",IF(G17>=Нэгтгэл!$K$5,"Ахиж байна","Хөгжиж байна")))
A18: 12 | B18: Х-12 | C18: =IF(COUNT('Мэдлэг'!D18:L18)=0,"",ROUND(COUNTIF('Мэдлэг'!D18:L18,1)/9*100,1)) | D18: =IF(COUNT('Чадвар'!D18:AH18)=0,"",ROUND(COUNTIF('Чадвар'!D18:AH18,1)/31*100,1)) | E18: =IF(COUNT('Төлөвшил'!D18:I18)=0,"",ROUND(COUNTIF('Төлөвшил'!D18:I18,1)/6*100,1)) | F18: =COUNTIF('Мэдлэг'!D18:L18,1)+COUNTIF('Чадвар'!D18:AH18,1)+COUNTIF('Төлөвшил'!D18:I18,1) | G18: =IF((COUNT('Мэдлэг'!D18:L18)+COUNT('Чадвар'!D18:AH18)+COUNT('Төлөвшил'!D18:I18))=0,"",ROUND(F18/46*100,1)) | H18: =IF(G18="","",IF(G18>=Нэгтгэл!$K$4,"Хангалттай эзэмшиж байна",IF(G18>=Нэгтгэл!$K$5,"Ахиж байна","Хөгжиж байна")))
... A50: 44 | B50: Х-44 | C50: =IF(COUNT('Мэдлэг'!D50:L50)=0,"",ROUND(COUNTIF('Мэдлэг'!D50:L50,1)/9*100,1)) | D50: =IF(COUNT('Чадвар'!D50:AH50)=0,"",ROUND(COUNTIF('Чадвар'!D50:AH50,1)/31*100,1)) | E50: =IF(COUNT('Төлөвшил'!D50:I50)=0,"",ROUND(COUNTIF('Төлөвшил'!D50:I50,1)/6*100,1)) | F50: =COUNTIF('Мэдлэг'!D50:L50,1)+COUNTIF('Чадвар'!D50:AH50,1)+COUNTIF('Төлөвшил'!D50:I50,1) | G50: =IF((COUNT('Мэдлэг'!D50:L50)+COUNT('Чадвар'!D50:AH50)+COUNT('Төлөвшил'!D50:I50))=0,"",ROUND(F50/46*100,1)) | H50: =IF(G50="","",IF(G50>=Нэгтгэл!$K$4,"Хангалттай эзэмшиж байна",IF(G50>=Нэгтгэл!$K$5,"Ахиж байна","Хөгжиж байна")))
A51: Бүлгийн дундаж хувь | C51: =IFERROR(ROUND(AVERAGE(C7:C50),1),"") | D51: =IFERROR(ROUND(AVERAGE(D7:D50),1),"") | E51: =IFERROR(ROUND(AVERAGE(E7:E50),1),"") | G51: =IFERROR(ROUND(AVERAGE(G7:G50),1),"")
A52: Хангалттай эзэмшиж байна (тоо) | C52: =COUNTIFS(C7:C50,">="&Нэгтгэл!$K$4) | D52: =COUNTIFS(D7:D50,">="&Нэгтгэл!$K$4) | E52: =COUNTIFS(E7:E50,">="&Нэгтгэл!$K$4) | G52: =COUNTIFS(G7:G50,">="&Нэгтгэл!$K$4) | H52: =COUNTIF(H7:H50,"Хангалттай эзэмшиж байна")
A53: Ахиж байна (тоо) | C53: =COUNTIFS(C7:C50,">="&Нэгтгэл!$K$5,C7:C50,"<"&Нэгтгэл!$K$4) | D53: =COUNTIFS(D7:D50,">="&Нэгтгэл!$K$5,D7:D50,"<"&Нэгтгэл!$K$4) | E53: =COUNTIFS(E7:E50,">="&Нэгтгэл!$K$5,E7:E50,"<"&Нэгтгэл!$K$4) | G53: =COUNTIFS(G7:G50,">="&Нэгтгэл!$K$5,G7:G50,"<"&Нэгтгэл!$K$4) | H53: =COUNTIF(H7:H50,"Ахиж байна")
A54: Хөгжиж байна (тоо) | C54: =COUNTIFS(C7:C50,"<"&Нэгтгэл!$K$5) | D54: =COUNTIFS(D7:D50,"<"&Нэгтгэл!$K$5) | E54: =COUNTIFS(E7:E50,"<"&Нэгтгэл!$K$5) | G54: =COUNTIFS(G7:G50,"<"&Нэгтгэл!$K$5) | H54: =COUNTIF(H7:H50,"Хөгжиж байна")

Sheet Мэдлэг
A1: ................ ЦЭЦЭРЛЭГИЙН АХЛАХ БҮЛГИЙН (4 НАС) ГАРААНЫ (ОНОШЛОХ) ҮНЭЛГЭЭ
A2: Үнэлгээний хүрээ: Мэдлэг Огноо: 20.... оны .... сар Багш: ................................ Чадна = 1, Чадахгүй = 0 (А/79 журам, III түвшний шалгуур)
A3: № | B3: Хүүхдийн код | D3: Үнэлгээний хүрээ: Мэдлэг | M3: Чадна (1) | N3: Хувь | O3: Чадахгүй (0) | P3: Хувь | Q3: Түвшин
D4: Эрүүл мэндэд тустай хоол, хүнсийг нэрлэдэг. | E4: Өөрийн болон бусдын биеийн хүрч болох, болохгүй хэсгийг мэддэг. | F4: Ухаалаг төхөөрөмжийг зохистой хэрэглэхийг мэддэг. | G4: Сэтгэл хөдлөл илэрхийлсэн 2-3 зургаас таатай, таагүй байгааг тайлбарладаг. | H4: Тайвшрахад туслах аргуудыг мэддэг. | I4: Хоёр зүйлийн хоорондын хамаарлыг тайлбарладаг. | J4: 10 хүртэл цээжээр тоолдог. | K4: Чиглэл заасан үгсийн утгыг ойлгодог. | L4: Гэр бүлийн гишүүдийг нэрлэж, ажил мэргэжлийг нь хэлдэг.
D5: СҮД: ХЭМ3.2в. Хоол, хүнсний бүтээгдэхүүнээс эрүүл мэндэд тустай хүнсийг ялгаж, хэрэглэнэ. | E5: СҮД: ХЭМ3.2д. Өөрийн болон бусдын биеийн хүрч болохгүй хэсгийг ялгаж, шаардлагатай үед “Үгүй” гэж хэлж өөрийгөө хамгаална. | F5: СҮД: ХЭМ3.2з. Ухаалаг төхөөрөмжийн хэрэглээний эерэг, сөрөг нөлөөг мэдэж, өөрийгөө хамгаалах үйлдэл хийнэ. | G5: СҮД: НСХ3.1а. Сэтгэл хөдлөлөө таатай, таагүй байгааг илэрхийлдэг болно. | H5: СҮД: НСХ3.1в. Уурлаж тавгүйтсэн үедээ бусадтай ярилцах, "тайвшрах булан"-д очих зэргээр тайвширдаг болно. | I5: СҮД: НСХ3.3а. Өөрийнх нь үйлдэл бусдад хэрхэн нөлөөлдгийг ойлгож тайлбарладаг болно. | J5: СҮД: МАТ3.1а. 10 хүртэлх тоог цээжээр тоолох, 5 хүртэлх тооны юмсыг оноож тоолох, өгсөн тооноос эхэлж 1-ээр нэмэгдүүлэн тоолох, тоог жишнэ (бодит юмсын олон, цөөнийг ялгаж жиших). | K5: СҮД: МАТ3.3в. Чиглэл, байршлын дагуу үйлдэл хийнэ. (өмнө, хойно, дээшээ, доошоо) | L5: СҮД: БНО3.2б. Өөрийн гэр бүлийг танилцуулж, ойр орчны хүмүүсийн ажил мэргэжлийг ялган ойлгож, гэрийн ажилд оролцоно.
D6: 1 / 0 | E6: 1 / 0 | F6: 1 / 0 | G6: 1 / 0 | H6: 1 / 0 | I6: 1 / 0 | J6: 1 / 0 | K6: 1 / 0 | L6: 1 / 0
A7: 1 | B7: =IF(Нэгтгэл!B7="","",Нэгтгэл!B7) | D7: 0 | E7: 1 | F7: 0 | G7: 0 | H7: 0 | I7: 0 | J7: 1 | K7: 1 | L7: 1 | M7: =COUNTIF(D7:L7,1) | N7: =IF(COUNT(D7:L7)=0,"",ROUND(M7/9*100,1)) | O7: =COUNTIF(D7:L7,0) | P7: =IF(COUNT(D7:L7)=0,"",ROUND(O7/9*100,1)) | Q7: =IF(N7="","",IF(N7>=Нэгтгэл!$K$4,"Хангалттай эзэмшиж байна",IF(N7>=Нэгтгэл!$K$5,"Ахиж байна","Хөгжиж байна")))
A8: 2 | B8: =IF(Нэгтгэл!B8="","",Нэгтгэл!B8) | D8: 0 | E8: 1 | F8: 0 | G8: 0 | H8: 1 | I8: 1 | J8: 1 | K8: 1 | L8: 1 | M8: =COUNTIF(D8:L8,1) | N8: =IF(COUNT(D8:L8)=0,"",ROUND(M8/9*100,1)) | O8: =COUNTIF(D8:L8,0) | P8: =IF(COUNT(D8:L8)=0,"",ROUND(O8/9*100,1)) | Q8: =IF(N8="","",IF(N8>=Нэгтгэл!$K$4,"Хангалттай эзэмшиж байна",IF(N8>=Нэгтгэл!$K$5,"Ахиж байна","Хөгжиж байна")))
A9: 3 | B9: =IF(Нэгтгэл!B9="","",Нэгтгэл!B9) | D9: 1 | E9: 1 | F9: 1 | G9: 1 | H9: 0 | I9: 1 | J9: 1 | K9: 1 | L9: 1 | M9: =COUNTIF(D9:L9,1) | N9: =IF(COUNT(D9:L9)=0,"",ROUND(M9/9*100,1)) | O9: =COUNTIF(D9:L9,0) | P9: =IF(COUNT(D9:L9)=0,"",ROUND(O9/9*100,1)) | Q9: =IF(N9="","",IF(N9>=Нэгтгэл!$K$4,"Хангалттай эзэмшиж байна",IF(N9>=Нэгтгэл!$K$5,"Ахиж байна","Хөгжиж байна")))
A10: 4 | B10: =IF(Нэгтгэл!B10="","",Нэгтгэл!B10) | D10: 1 | E10: 0 | F10: 0 | G10: 1 | H10: 1 | I10: 0 | J10: 1 | K10: 1 | L10: 1 | M10: =COUNTIF(D10:L10,1) | N10: =IF(COUNT(D10:L10)=0,"",ROUND(M10/9*100,1)) | O10: =COUNTIF(D10:L10,0) | P10: =IF(COUNT(D10:L10)=0,"",ROUND(O10/9*100,1)) | Q10: =IF(N10="","",IF(N10>=Нэгтгэл!$K$4,"Хангалттай эзэмшиж байна",IF(N10>=Нэгтгэл!$K$5,"Ахиж байна","Хөгжиж байна")))
A11: 5 | B11: =IF(Нэгтгэл!B11="","",Нэгтгэл!B11) | D11: 0 | E11: 1 | F11: 1 | G11: 1 | H11: 1 | I11: 1 | J11: 0 | K11: 1 | L11: 1 | M11: =COUNTIF(D11:L11,1) | N11: =IF(COUNT(D11:L11)=0,"",ROUND(M11/9*100,1)) | O11: =COUNTIF(D11:L11,0) | P11: =IF(COUNT(D11:L11)=0,"",ROUND(O11/9*100,1)) | Q11: =IF(N11="","",IF(N11>=Нэгтгэл!$K$4,"Хангалттай эзэмшиж байна",IF(N11>=Нэгтгэл!$K$5,"Ахиж байна","Хөгжиж байна")))
A12: 6 | B12: =IF(Нэгтгэл!B12="","",Нэгтгэл!B12) | D12: 1 | E12: 1 | F12: 0 | G12: 1 | H12: 0 | I12: 1 | J12: 1 | K12: 1 | L12: 1 | M12: =COUNTIF(D12:L12,1) | N12: =IF(COUNT(D12:L12)=0,"",ROUND(M12/9*100,1)) | O12: =COUNTIF(D12:L12,0) | P12: =IF(COUNT(D12:L12)=0,"",ROUND(O12/9*100,1)) | Q12: =IF(N12="","",IF(N12>=Нэгтгэл!$K$4,"Хангалттай эзэмшиж байна",IF(N12>=Нэгтгэл!$K$5,"Ахиж байна","Хөгжиж байна")))
A13: 7 | B13: =IF(Нэгтгэл!B13="","",Нэгтгэл!B13) | D13: 1 | E13: 1 | F13: 0 | G13: 1 | H13: 0 | I13: 0 | J13: 0 | K13: 0 | L13: 0 | M13: =COUNTIF(D13:L13,1) | N13: =IF(COUNT(D13:L13)=0,"",ROUND(M13/9*100,1)) | O13: =COUNTIF(D13:L13,0) | P13: =IF(COUNT(D13:L13)=0,"",ROUND(O13/9*100,1)) | Q13: =IF(N13="","",IF(N13>=Нэгтгэл!$K$4,"Хангалттай эзэмшиж байна",IF(N13>=Нэгтгэл!$K$5,"Ахиж байна","Хөгжиж байна")))
A14: 8 | B14: =IF(Нэгтгэл!B14="","",Нэгтгэл!B14) | D14: 1 | E14: 1 | F14: 1 | G14: 1 | H14: 1 | I14: 0 | J14: 0 | K14: 1 | L14: 0 | M14: =COUNTIF(D14:L14,1) | N14: =IF(COUNT(D14:L14)=0,"",ROUND(M14/9*100,1)) | O14: =COUNTIF(D14:L14,0) | P14: =IF(COUNT(D14:L14)=0,"",ROUND(O14/9*100,1)) | Q14: =IF(N14="","",IF(N14>=Нэгтгэл!$K$4,"Хангалттай эзэмшиж байна",IF(N14>=Нэгтгэл!$K$5,"Ахиж байна","Хөгжиж байна")))
A15: 9 | B15: =IF(Нэгтгэл!B15="","",Нэгтгэл!B15) | D15: 1 | E15: 1 | F15: 0 | G15: 0 | H15: 1 | I15: 1 | J15: 0 | K15: 1 | L15: 0 | M15: =COUNTIF(D15:L15,1) | N15: =IF(COUNT(D15:L15)=0,"",ROUND(M15/9*100,1)) | O15: =COUNTIF(D15:L15,0) | P15: =IF(COUNT(D15:L15)=0,"",ROUND(O15/9*100,1)) | Q15: =IF(N15="","",IF(N15>=Нэгтгэл!$K$4,"Хангалттай эзэмшиж байна",IF(N15>=Нэгтгэл!$K$5,"Ахиж байна","Хөгжиж байна")))
A16: 10 | B16: =IF(Нэгтгэл!B16="","",Нэгтгэл!B16) | D16: 1 | E16: 1 | F16: 0 | G16: 0 | H16: 1 | I16: 0 | J16: 0 | K16: 0 | L16: 1 | M16: =COUNTIF(D16:L16,1) | N16: =IF(COUNT(D16:L16)=0,"",ROUND(M16/9*100,1)) | O16: =COUNTIF(D16:L16,0) | P16: =IF(COUNT(D16:L16)=0,"",ROUND(O16/9*100,1)) | Q16: =IF(N16="","",IF(N16>=Нэгтгэл!$K$4,"Хангалттай эзэмшиж байна",IF(N16>=Нэгтгэл!$K$5,"Ахиж байна","Хөгжиж байна")))
A17: 11 | B17: =IF(Нэгтгэл!B17="","",Нэгтгэл!B17) | D17: 0 | E17: 1 | F17: 1 | G17: 1 | H17: 1 | I17: 1 | J17: 0 | K17: 1 | L17: 1 | M17: =COUNTIF(D17:L17,1) | N17: =IF(COUNT(D17:L17)=0,"",ROUND(M17/9*100,1)) | O17: =COUNTIF(D17:L17,0) | P17: =IF(COUNT(D17:L17)=0,"",ROUND(O17/9*100,1)) | Q17: =IF(N17="","",IF(N17>=Нэгтгэл!$K$4,"Хангалттай эзэмшиж байна",IF(N17>=Нэгтгэл!$K$5,"Ахиж байна","Хөгжиж байна")))
A18: 12 | B18: =IF(Нэгтгэл!B18="","",Нэгтгэл!B18) | D18: 1 | E18: 0 | F18: 1 | G18: 0 | H18: 1 | I18: 1 | J18: 1 | K18: 0 | L18: 1 | M18: =COUNTIF(D18:L18,1) | N18: =IF(COUNT(D18:L18)=0,"",ROUND(M18/9*100,1)) | O18: =COUNTIF(D18:L18,0) | P18: =IF(COUNT(D18:L18)=0,"",ROUND(O18/9*100,1)) | Q18: =IF(N18="","",IF(N18>=Нэгтгэл!$K$4,"Хангалттай эзэмшиж байна",IF(N18>=Нэгтгэл!$K$5,"Ахиж байна","Хөгжиж байна")))
... A50: 44 | B50: =IF(Нэгтгэл!B50="","",Нэгтгэл!B50) | D50: 0 | E50: 0 | F50: 1 | G50: 0 | H50: 0 | I50: 1 | J50: 1 | K50: 0 | L50: 1 | M50: =COUNTIF(D50:L50,1) | N50: =IF(COUNT(D50:L50)=0,"",ROUND(M50/9*100,1)) | O50: =COUNTIF(D50:L50,0) | P50: =IF(COUNT(D50:L50)=0,"",ROUND(O50/9*100,1)) | Q50: =IF(N50="","",IF(N50>=Нэгтгэл!$K$4,"Хангалттай эзэмшиж байна",IF(N50>=Нэгтгэл!$K$5,"Ахиж байна","Хөгжиж байна")))
A51: Чадна (1) | D51: =COUNTIF(D7:D50,1) | E51: =COUNTIF(E7:E50,1) | F51: =COUNTIF(F7:F50,1) | G51: =COUNTIF(G7:G50,1) | H51: =COUNTIF(H7:H50,1) | I51: =COUNTIF(I7:I50,1) | J51: =COUNTIF(J7:J50,1) | K51: =COUNTIF(K7:K50,1) | L51: =COUNTIF(L7:L50,1) | M51: Хангалттай эзэмшиж байна | Q51: =COUNTIF(Q7:Q50,"Хангалттай эзэмшиж байна")
A52: Хувь | D52: =IF(COUNT(D7:D50)=0,"",ROUND(COUNTIF(D7:D50,1)/COUNT(D7:D50)*100,1)) | E52: =IF(COUNT(E7:E50)=0,"",ROUND(COUNTIF(E7:E50,1)/COUNT(E7:E50)*100,1)) | F52: =IF(COUNT(F7:F50)=0,"",ROUND(COUNTIF(F7:F50,1)/COUNT(F7:F50)*100,1)) | G52: =IF(COUNT(G7:G50)=0,"",ROUND(COUNTIF(G7:G50,1)/COUNT(G7:G50)*100,1)) | H52: =IF(COUNT(H7:H50)=0,"",ROUND(COUNTIF(H7:H50,1)/COUNT(H7:H50)*100,1)) | I52: =IF(COUNT(I7:I50)=0,"",ROUND(COUNTIF(I7:I50,1)/COUNT(I7:I50)*100,1)) | J52: =IF(COUNT(J7:J50)=0,"",ROUND(COUNTIF(J7:J50,1)/COUNT(J7:J50)*100,1)) | K52: =IF(COUNT(K7:K50)=0,"",ROUND(COUNTIF(K7:K50,1)/COUNT(K7:K50)*100,1)) | L52: =IF(COUNT(L7:L50)=0,"",ROUND(COUNTIF(L7:L50,1)/COUNT(L7:L50)*100,1)) | M52: Ахиж байна | Q52: =COUNTIF(Q7:Q50,"Ахиж байна")
A53: Чадахгүй (0) | D53: =COUNTIF(D7:D50,0) | E53: =COUNTIF(E7:E50,0) | F53: =COUNTIF(F7:F50,0) | G53: =COUNTIF(G7:G50,0) | H53: =COUNTIF(H7:H50,0) | I53: =COUNTIF(I7:I50,0) | J53: =COUNTIF(J7:J50,0) | K53: =COUNTIF(K7:K50,0) | L53: =COUNTIF(L7:L50,0) | M53: Хөгжиж байна | Q53: =COUNTIF(Q7:Q50,"Хөгжиж байна")
A54: Хувь | D54: =IF(COUNT(D7:D50)=0,"",ROUND(COUNTIF(D7:D50,0)/COUNT(D7:D50)*100,1)) | E54: =IF(COUNT(E7:E50)=0,"",ROUND(COUNTIF(E7:E50,0)/COUNT(E7:E50)*100,1)) | F54: =IF(COUNT(F7:F50)=0,"",ROUND(COUNTIF(F7:F50,0)/COUNT(F7:F50)*100,1)) | G54: =IF(COUNT(G7:G50)=0,"",ROUND(COUNTIF(G7:G50,0)/COUNT(G7:G50)*100,1)) | H54: =IF(COUNT(H7:H50)=0,"",ROUND(COUNTIF(H7:H50,0)/COUNT(H7:H50)*100,1)) | I54: =IF(COUNT(I7:I50)=0,"",ROUND(COUNTIF(I7:I50,0)/COUNT(I7:I50)*100,1)) | J54: =IF(COUNT(J7:J50)=0,"",ROUND(COUNTIF(J7:J50,0)/COUNT(J7:J50)*100,1)) | K54: =IF(COUNT(K7:K50)=0,"",ROUND(COUNTIF(K7:K50,0)/COUNT(K7:K50)*100,1)) | L54: =IF(COUNT(L7:L50)=0,"",ROUND(COUNTIF(L7:L50,0)/COUNT(L7:L50)*100,1))

Sheet Чадвар
A1: ................ ЦЭЦЭРЛЭГИЙН АХЛАХ БҮЛГИЙН (4 НАС) ГАРААНЫ (ОНОШЛОХ) ҮНЭЛГЭЭ
A2: Үнэлгээний хүрээ: Чадвар Огноо: 20.... оны .... сар Багш: ................................ Чадна = 1, Чадахгүй = 0 (А/79 журам, III түвшний шалгуур)
A3: № | B3: Хүүхдийн код | D3: Үнэлгээний хүрээ: Чадвар | AI3: Чадна (1) | AJ3: Хувь | AK3: Чадахгүй (0) | AL3: Хувь | AM3: Түвшин
D4: Вандан сандал дээр тэнцвэрээ хадгалан алхдаг (Вандан сандлын өндөр нь 25 см, өргөн нь 20 см байна). | E4: 5-6 саадыг сүлжиж гүйдэг (10 метр зайд). | F4: Өвдөг, тохойгоор 3-4 нуман доогуур мөлхдөг. | G4: 10-15 см өндөрт байрлуулсан зүйлд үсэрч хүрдэг. | H4: Бөмбөгийг 1-1.5 метр зайд бие бие рүүгээ газарт ойлгон дамжуулдаг. | I4: Бусдын сануулгаар ариун цэврийг сахих үйлүүдийг бие даан гүйцэтгэдэг. | J4: Анхааруулах тэмдэг, тэмдэглэгээ нь ямар аюул, эрсдэл байгааг анхааруулсныг тайлбарладаг. | K4: Өөрийн хэрэгцээ, чадах, чадахгүй, дуртай, дургүй зүйлсээ ярьдаг. | L4: Хийж болох, болохгүй үйлдлийн учир шалтгааныг тайлбарладаг. | M4: Үгийг сонсоод, урт ба богино авианы дуудлагыг ялган дуурайдаг. | N4: Тоглоом, юмсын 2-3 онцлог шинжийг тоочиж ярьдаг. | O4: Юмсын учир шалтгааныг өөрийн ойлгосноор тайлбарладаг. | P4: Ном, үлгэр, зохиолын гол санааг ойлгож, үйл явдлыг тайлбарладаг. | Q4: 5 хүртэлх тооны юмсыг оноож тоолдог. | R4: Дараалан байрлуулсан тоглоом, дүрс, юмсыг ажиглаж, зүй тогтлыг үргэлжлүүлдэг. | S4: Юмсыг хэмжээ (урт, хүнд)-гээр нь харьцуулдаг. | T4: Өглөө, өдөр, орой хийдэг үйл явдлыг харуулсан 4 зургийг зөв дараалалд оруулдаг. | U4: Тоглоом, эд юмсыг нэг шинжээр нь 4 хүртэлх хэсэгт ангилдаг. | V4: Дугуй, дөрвөлжин, гурвалжин дүрсийг ялган нэрлэдэг. | W4: Дүрс ба биетийг ялгадаг. | X4: Зурган зааварчилгааг ойлгож тайлбарладаг. | Y4: Амьтдын амьдрах орчныг ялгадаг. | Z4: Цаг агаарын байдалд тохируулан хувцаслаж, үйл ажиллагаанд оролцдог. | AA4: Зураг бүтээлээ толбо, дардсаар чимэглэдэг. | AB4: Хүн, амьтан, эд юмсыг өөрийн төсөөллөөр зохиомжлон барьдаг (баримлын шавар, элс, гурилан зуурмаг гэх мэт). | AC4: Биет наамал урладаг. | AD4: Өрж байгуулдаг, эвлүүлж, угсардаг тоглоом, савх, харандаа (байшин, барилга, гудамж талбай, тээврийн хэрэгсэл гэх мэт)-гаар зохион бүтээдэг. | AE4: Дууг ая хэмнэлийн дагуу дуулдаг. | AF4: Хэмнэлийн өөрчлөлтийг мэдэрч, хөгжмийн энгийн зэмсгээр тоглодог. | AG4: Ая, хэмнэл солигдоход хөдөлгөөнөө тохируулдаг. | AH4: Үлгэр зохиолын дүрээс сонгон онцлог шинжийг илэрхийлдэг.
D5: СҮД: ХЭМ3.1в. Гарыг дээш өргөн алгаа хавсарч баруун эсвэл зүүн хөлийг тулалтын хөлийн өвдгөнд нааж тэнцвэр хадгалан (дэглий) зогсоно. | E5: СҮД: ХЭМ3.1г. Алхалт гүйлтийг чиглэл, хурдаа өөрчлөн гүйцэтгэнэ. | F5: СҮД: ХЭМ3.1е. Мөлхөлтийн төрлүүдийг (бөгсөөрөө гулсах, өвдөг тохойны тусламжтай мөлхөх) хэрэглэл ашиглан гүйцэтгэнэ. | G5: СҮД: ХЭМ3.1к. Өргөсөн гараас дээш 10-15 см өндөр зүйлд үсэрч хүрнэ. | H5: СҮД: ХЭМ3.1м. Бөмбөгийг дээш шидээд газарт ойлгон барьж авна. | I5: СҮД: ХЭМ3.2а. Хувийн ариун цэвэр сахих үйлийг насанд хүрэгчийн сануулгатайгаар бие даан хийнэ. | J5: СҮД: ХЭМ3.2е. Хүрээлэн байгаа орчин дахь анхааруулах, болгоомжлох тэмдэг, тэмдэглэгээг таньж, дагаж мөрдөнө. | K5: СҮД: НСХ3.1б. Өөрийн дуртай дургүй, чадах чадахгүй зүйлсээ илэрхийлж хэрэгцээгээ тайлбарладаг болно. | L5: СҮД: НСХ3.2в. Зан үйлүүдийг яагаад тустай, тусгүй болохыг тайлбарладаг болно. | M5: СҮД: ХЯ3.1б. Урт, богино авиа орсон үгийг сонсоод ялгаж хэлнэ. | N5: СҮД: ХЯ3.2в. Юмсын шинж чанар, онцлог илэрхийлсэн үгийг яриандаа ашиглана. | O5: СҮД: ХЯ3.2г. Үгийг оновчтой сонгож, дэлгэрэнгүй өгүүлбэрээр ярина. | P5: СҮД: ХЯ3.3а. Номын зургаас үйл явдлыг ойлгож ярина. | Q5: СҮД: МАТ3.1а. 10 хүртэлх тоог цээжээр тоолох, 5 хүртэлх тооны юмсыг оноож тоолох, өгсөн тооноос эхэлж 1-ээр нэмэгдүүлэн тоолох, тоог жишнэ (бодит юмсын олон, цөөнийг ялгаж жиших). | R5: СҮД: МАТ3.1б. Дараалан байрлуулсан тоглоом, дүрсүүдийн зүй тогтлыг ажиглаж үргэлжлүүлнэ. | S5: СҮД: МАТ3.2а. Тоглоом юмсын урт, хүндийг харьцуулж, тайлбарлана. | T5: СҮД: МАТ3.2б. Өдөр тутмын хийдэг үйлийг дараалуулна. | U5: СҮД: МАТ3.3а. Тоглоом юмсаас нэг шинжээр 4 хүртэлх хэсэгт ангилж, байрлуулна. | V5: СҮД: МАТ3.3б. Дугуй, гурвалжин, дөрвөлжин дүрсүүдийг нэрлэж, дүрс, биетийг ялгана. | W5: СҮД: МАТ3.3б. Дугуй, гурвалжин, дөрвөлжин дүрсүүдийг нэрлэж, дүрс, биетийг ялгана. | X5: СҮД: МАТ3.4б. Зурган зааварчилгааг ажиглан, дарааллын дагуу дуурайж хийнэ. | Y5: СҮД: БНО3.1а. Амьтдын амьдрах орчныг ялган таньж, тэднийг хамгаалах аргыг нэрлэнэ. | Z5: СҮД: БНО3.1г. Цаг агаарын байдлыг зураг, тэмдэг ашиглан илэрхийлж, тохирсон хувцас болон хийх үйл ажиллагаагаа сонгож тайлбарлана. | AA5: СҮД: ЗУ3.2в. Бүтээлээ толбо, дардсаар чимэглэнэ. | AB5: СҮД: ЗУ3.2г. Баримлын шавар, элс, гурилан зуурмагаар хүн, амьтан, эд юмсыг зохиомжлон барина. (гурав ба түүнээс дээш хэсгээс бүтсэн) | AC5: СҮД: ЗУ3.2д. Нугалах, эвхэх, хайчлах аргаар хавтгай болон биет наамлын бүтээл урлана. | AD5: СҮД: ЗУ3.2е. Тоглоом болон байгалийн материал, дахин ашиглах материалаас сонгож хүрээлэн буй орчноо бүтээнэ. | AE5: СҮД: ХӨГ3.1б. Богино үгтэй дууг бусадтай хамтран дуулна. | AF5: СҮД: ХӨГ3.1в. Дуу, аялгууны хэмнэлийг ялгаж, дагаж тоглоно. | AG5: СҮД: ХӨГ3.1г. Аялгууны өөрчлөлтийг мэдэрч хөдөлгөөнөөр илэрхийлнэ. | AH5: СҮД: ХӨГ3.1д. Үлгэр зохиол, дуу, аялгууны дүрийн онцлогийг илэрхийлж тоглоно.
D6: 1 / 0 | E6: 1 / 0 | F6: 1 / 0 | G6: 1 / 0 | H6: 1 / 0 | I6: 1 / 0 | J6: 1 / 0 | K6: 1 / 0 | L6: 1 / 0 | M6: 1 / 0 | N6: 1 / 0 | O6: 1 / 0 | P6: 1 / 0 | Q6: 1 / 0 | R6: 1 / 0 | S6: 1 / 0 | T6: 1 / 0 | U6: 1 / 0 | V6: 1 / 0 | W6: 1 / 0 | X6: 1 / 0 | Y6: 1 / 0 | Z6: 1 / 0 | AA6: 1 / 0 | AB6: 1 / 0 | AC6: 1 / 0 | AD6: 1 / 0 | AE6: 1 / 0 | AF6: 1 / 0 | AG6: 1 / 0 | AH6: 1 / 0
A7: 1 | B7: =IF(Нэгтгэл!B7="","",Нэгтгэл!B7) | D7: 0 | E7: 0 | F7: 1 | G7: 1 | H7: 1 | I7: 1 | J7: 1 | K7: 1 | L7: 1 | M7: 1 | N7: 1 | O7: 1 | P7: 1 | Q7: 0 | R7: 1 | S7: 1 | T7: 1 | U7: 1 | V7: 1 | W7: 1 | X7: 1 | Y7: 0 | Z7: 1 | AA7: 1 | AB7: 1 | AC7: 0 | AD7: 1 | AE7: 1 | AF7: 1 | AG7: 1 | AH7: 0 | AI7: =COUNTIF(D7:AH7,1) | AJ7: =IF(COUNT(D7:AH7)=0,"",ROUND(AI7/31*100,1)) | AK7: =COUNTIF(D7:AH7,0) | AL7: =IF(COUNT(D7:AH7)=0,"",ROUND(AK7/31*100,1)) | AM7: =IF(AJ7="","",IF(AJ7>=Нэгтгэл!$K$4,"Хангалттай эзэмшиж байна",IF(AJ7>=Нэгтгэл!$K$5,"Ахиж байна","Хөгжиж байна")))
A8: 2 | B8: =IF(Нэгтгэл!B8="","",Нэгтгэл!B8) | D8: 1 | E8: 1 | F8: 1 | G8: 1 | H8: 0 | I8: 0 | J8: 1 | K8: 1 | L8: 0 | M8: 0 | N8: 1 | O8: 1 | P8: 1 | Q8: 1 | R8: 1 | S8: 1 | T8: 1 | U8: 0 | V8: 1 | W8: 1 | X8: 1 | Y8: 1 | Z8: 1 | AA8: 1 | AB8: 1 | AC8: 0 | AD8: 0 | AE8: 1 | AF8: 0 | AG8: 0 | AH8: 1 | AI8: =COUNTIF(D8:AH8,1) | AJ8: =IF(COUNT(D8:AH8)=0,"",ROUND(AI8/31*100,1)) | AK8: =COUNTIF(D8:AH8,0) | AL8: =IF(COUNT(D8:AH8)=0,"",ROUND(AK8/31*100,1)) | AM8: =IF(AJ8="","",IF(AJ8>=Нэгтгэл!$K$4,"Хангалттай эзэмшиж байна",IF(AJ8>=Нэгтгэл!$K$5,"Ахиж байна","Хөгжиж байна")))
A9: 3 | B9: =IF(Нэгтгэл!B9="","",Нэгтгэл!B9) | D9: 0 | E9: 1 | F9: 0 | G9: 1 | H9: 1 | I9: 1 | J9: 1 | K9: 1 | L9: 1 | M9: 0 | N9: 1 | O9: 0 | P9: 1 | Q9: 1 | R9: 1 | S9: 0 | T9: 0 | U9: 1 | V9: 1 | W9: 1 | X9: 1 | Y9: 1 | Z9: 1 | AA9: 1 | AB9: 0 | AC9: 1 | AD9: 1 | AE9: 1 | AF9: 1 | AG9: 1 | AH9: 0 | AI9: =COUNTIF(D9:AH9,1) | AJ9: =IF(COUNT(D9:AH9)=0,"",ROUND(AI9/31*100,1)) | AK9: =COUNTIF(D9:AH9,0) | AL9: =IF(COUNT(D9:AH9)=0,"",ROUND(AK9/31*100,1)) | AM9: =IF(AJ9="","",IF(AJ9>=Нэгтгэл!$K$4,"Хангалттай эзэмшиж байна",IF(AJ9>=Нэгтгэл!$K$5,"Ахиж байна","Хөгжиж байна")))
A10: 4 | B10: =IF(Нэгтгэл!B10="","",Нэгтгэл!B10) | D10: 1 | E10: 0 | F10: 0 | G10: 0 | H10: 1 | I10: 0 | J10: 1 | K10: 1 | L10: 1 | M10: 1 | N10: 1 | O10: 0 | P10: 0 | Q10: 1 | R10: 1 | S10: 0 | T10: 1 | U10: 0 | V10: 0 | W10: 1 | X10: 1 | Y10: 0 | Z10: 1 | AA10: 1 | AB10: 0 | AC10: 1 | AD10: 1 | AE10: 0 | AF10: 1 | AG10: 0 | AH10: 0 | AI10: =COUNTIF(D10:AH10,1) | AJ10: =IF(COUNT(D10:AH10)=0,"",ROUND(AI10/31*100,1)) | AK10: =COUNTIF(D10:AH10,0) | AL10: =IF(COUNT(D10:AH10)=0,"",ROUND(AK10/31*100,1)) | AM10: =IF(AJ10="","",IF(AJ10>=Нэгтгэл!$K$4,"Хангалттай эзэмшиж байна",IF(AJ10>=Нэгтгэл!$K$5,"Ахиж байна","Хөгжиж байна")))
A11: 5 | B11: =IF(Нэгтгэл!B11="","",Нэгтгэл!B11) | D11: 0 | E11: 0 | F11: 0 | G11: 1 | H11: 0 | I11: 1 | J11: 1 | K11: 1 | L11: 0 | M11: 0 | N11: 0 | O11: 1 | P11: 1 | Q11: 1 | R11: 0 | S11: 0 | T11: 0 | U11: 1 | V11: 0 | W11: 1 | X11: 1 | Y11: 0 | Z11: 0 | AA11: 1 | AB11: 0 | AC11: 0 | AD11: 1 | AE11: 1 | AF11: 1 | AG11: 1 | AH11: 0 | AI11: =COUNTIF(D11:AH11,1) | AJ11: =IF(COUNT(D11:AH11)=0,"",ROUND(AI11/31*100,1)) | AK11: =COUNTIF(D11:AH11,0) | AL11: =IF(COUNT(D11:AH11)=0,"",ROUND(AK11/31*100,1)) | AM11: =IF(AJ11="","",IF(AJ11>=Нэгтгэл!$K$4,"Хангалттай эзэмшиж байна",IF(AJ11>=Нэгтгэл!$K$5,"Ахиж байна","Хөгжиж байна")))
A12: 6 | B12: =IF(Нэгтгэл!B12="","",Нэгтгэл!B12) | D12: 1 | E12: 0 | F12: 0 | G12: 1 | H12: 1 | I12: 0 | J12: 1 | K12: 1 | L12: 0 | M12: 1 | N12: 1 | O12: 1 | P12: 1 | Q12: 0 | R12: 1 | S12: 1 | T12: 1 | U12: 1 | V12: 1 | W12: 1 | X12: 0 | Y12: 1 | Z12: 1 | AA12: 1 | AB12: 0 | AC12: 1 | AD12: 1 | AE12: 1 | AF12: 1 | AG12: 0 | AH12: 1 | AI12: =COUNTIF(D12:AH12,1) | AJ12: =IF(COUNT(D12:AH12)=0,"",ROUND(AI12/31*100,1)) | AK12: =COUNTIF(D12:AH12,0) | AL12: =IF(COUNT(D12:AH12)=0,"",ROUND(AK12/31*100,1)) | AM12: =IF(AJ12="","",IF(AJ12>=Нэгтгэл!$K$4,"Хангалттай эзэмшиж байна",IF(AJ12>=Нэгтгэл!$K$5,"Ахиж байна","Хөгжиж байна")))
A13: 7 | B13: =IF(Нэгтгэл!B13="","",Нэгтгэл!B13) | D13: 1 | E13: 1 | F13: 1 | G13: 1 | H13: 1 | I13: 1 | J13: 0 | K13: 0 | L13: 1 | M13: 1 | N13: 1 | O13: 1 | P13: 1 | Q13: 1 | R13: 0 | S13: 0 | T13: 1 | U13: 1 | V13: 0 | W13: 0 | X13: 0 | Y13: 1 | Z13: 1 | AA13: 1 | AB13: 1 | AC13: 1 | AD13: 1 | AE13: 0 | AF13: 1 | AG13: 1 | AH13: 0 | AI13: =COUNTIF(D13:AH13,1) | AJ13: =IF(COUNT(D13:AH13)=0,"",ROUND(AI13/31*100,1)) | AK13: =COUNTIF(D13:AH13,0) | AL13: =IF(COUNT(D13:AH13)=0,"",ROUND(AK13/31*100,1)) | AM13: =IF(AJ13="","",IF(AJ13>=Нэгтгэл!$K$4,"Хангалттай эзэмшиж байна",IF(AJ13>=Нэгтгэл!$K$5,"Ахиж байна","Хөгжиж байна")))
A14: 8 | B14: =IF(Нэгтгэл!B14="","",Нэгтгэл!B14) | D14: 0 | E14: 0 | F14: 1 | G14: 1 | H14: 1 | I14: 1 | J14: 0 | K14: 1 | L14: 0 | M14: 1 | N14: 1 | O14: 1 | P14: 1 | Q14: 0 | R14: 0 | S14: 0 | T14: 1 | U14: 1 | V14: 0 | W14: 1 | X14: 1 | Y14: 1 | Z14: 1 | AA14: 1 | AB14: 0 | AC14: 1 | AD14: 0 | AE14: 0 | AF14: 1 | AG14: 1 | AH14: 0 | AI14: =COUNTIF(D14:AH14,1) | AJ14: =IF(COUNT(D14:AH14)=0,"",ROUND(AI14/31*100,1)) | AK14: =COUNTIF(D14:AH14,0) | AL14: =IF(COUNT(D14:AH14)=0,"",ROUND(AK14/31*100,1)) | AM14: =IF(AJ14="","",IF(AJ14>=Нэгтгэл!$K$4,"Хангалттай эзэмшиж байна",IF(AJ14>=Нэгтгэл!$K$5,"Ахиж байна","Хөгжиж байна")))
A15: 9 | B15: =IF(Нэгтгэл!B15="","",Нэгтгэл!B15) | D15: 1 | E15: 1 | F15: 1 | G15: 0 | H15: 0 | I15: 0 | J15: 1 | K15: 1 | L15: 1 | M15: 1 | N15: 0 | O15: 1 | P15: 1 | Q15: 0 | R15: 1 | S15: 1 | T15: 0 | U15: 1 | V15: 0 | W15: 1 | X15: 0 | Y15: 0 | Z15: 0 | AA15: 1 | AB15: 1 | AC15: 1 | AD15: 0 | AE15: 1 | AF15: 1 | AG15: 1 | AH15: 1 | AI15: =COUNTIF(D15:AH15,1) | AJ15: =IF(COUNT(D15:AH15)=0,"",ROUND(AI15/31*100,1)) | AK15: =COUNTIF(D15:AH15,0) | AL15: =IF(COUNT(D15:AH15)=0,"",ROUND(AK15/31*100,1)) | AM15: =IF(AJ15="","",IF(AJ15>=Нэгтгэл!$K$4,"Хангалттай эзэмшиж байна",IF(AJ15>=Нэгтгэл!$K$5,"Ахиж байна","Хөгжиж байна")))
A16: 10 | B16: =IF(Нэгтгэл!B16="","",Нэгтгэл!B16) | D16: 0 | E16: 1 | F16: 1 | G16: 1 | H16: 0 | I16: 1 | J16: 0 | K16: 1 | L16: 0 | M16: 1 | N16: 1 | O16: 0 | P16: 1 | Q16: 1 | R16: 1 | S16: 0 | T16: 1 | U16: 1 | V16: 1 | W16: 1 | X16: 0 | Y16: 0 | Z16: 1 | AA16: 1 | AB16: 1 | AC16: 0 | AD16: 1 | AE16: 1 | AF16: 0 | AG16: 1 | AH16: 0 | AI16: =COUNTIF(D16:AH16,1) | AJ16: =IF(COUNT(D16:AH16)=0,"",ROUND(AI16/31*100,1)) | AK16: =COUNTIF(D16:AH16,0) | AL16: =IF(COUNT(D16:AH16)=0,"",ROUND(AK16/31*100,1)) | AM16: =IF(AJ16="","",IF(AJ16>=Нэгтгэл!$K$4,"Хангалттай эзэмшиж байна",IF(AJ16>=Нэгтгэл!$K$5,"Ахиж байна","Хөгжиж байна")))
A17: 11 | B17: =IF(Нэгтгэл!B17="","",Нэгтгэл!B17) | D17: 1 | E17: 0 | F17: 1 | G17: 1 | H17: 1 | I17: 1 | J17: 0 | K17: 1 | L17: 0 | M17: 0 | N17: 1 | O17: 0 | P17: 1 | Q17: 1 | R17: 0 | S17: 1 | T17: 1 | U17: 1 | V17: 1 | W17: 1 | X17: 1 | Y17: 1 | Z17: 0 | AA17: 0 | AB17: 0 | AC17: 1 | AD17: 1 | AE17: 1 | AF17: 1 | AG17: 1 | AH17: 1 | AI17: =COUNTIF(D17:AH17,1) | AJ17: =IF(COUNT(D17:AH17)=0,"",ROUND(AI17/31*100,1)) | AK17: =COUNTIF(D17:AH17,0) | AL17: =IF(COUNT(D17:AH17)=0,"",ROUND(AK17/31*100,1)) | AM17: =IF(AJ17="","",IF(AJ17>=Нэгтгэл!$K$4,"Хангалттай эзэмшиж байна",IF(AJ17>=Нэгтгэл!$K$5,"Ахиж байна","Хөгжиж байна")))
A18: 12 | B18: =IF(Нэгтгэл!B18="","",Нэгтгэл!B18) | D18: 1 | E18: 1 | F18: 1 | G18: 1 | H18: 0 | I18: 0 | J18: 1 | K18: 1 | L18: 1 | M18: 0 | N18: 0 | O18: 0 | P18: 1 | Q18: 1 | R18: 1 | S18: 1 | T18: 1 | U18: 1 | V18: 0 | W18: 1 | X18: 1 | Y18: 1 | Z18: 0 | AA18: 0 | AB18: 1 | AC18: 0 | AD18: 0 | AE18: 0 | AF18: 1 | AG18: 1 | AH18: 0 | AI18: =COUNTIF(D18:AH18,1) | AJ18: =IF(COUNT(D18:AH18)=0,"",ROUND(AI18/31*100,1)) | AK18: =COUNTIF(D18:AH18,0) | AL18: =IF(COUNT(D18:AH18)=0,"",ROUND(AK18/31*100,1)) | AM18: =IF(AJ18="","",IF(AJ18>=Нэгтгэл!$K$4,"Хангалттай эзэмшиж байна",IF(AJ18>=Нэгтгэл!$K$5,"Ахиж байна","Хөгжиж байна")))
... A50: 44 | B50: =IF(Нэгтгэл!B50="","",Нэгтгэл!B50) | D50: 1 | E50: 0 | F50: 1 | G50: 1 | H50: 1 | I50: 0 | J50: 1 | K50: 1 | L50: 1 | M50: 1 | N50: 1 | O50: 0 | P50: 1 | Q50: 1 | R50: 0 | S50: 1 | T50: 1 | U50: 1 | V50: 0 | W50: 1 | X50: 1 | Y50: 1 | Z50: 0 | AA50: 1 | AB50: 1 | AC50: 0 | AD50: 0 | AE50: 1 | AF50: 1 | AG50: 1 | AH50: 1 | AI50: =COUNTIF(D50:AH50,1) | AJ50: =IF(COUNT(D50:AH50)=0,"",ROUND(AI50/31*100,1)) | AK50: =COUNTIF(D50:AH50,0) | AL50: =IF(COUNT(D50:AH50)=0,"",ROUND(AK50/31*100,1)) | AM50: =IF(AJ50="","",IF(AJ50>=Нэгтгэл!$K$4,"Хангалттай эзэмшиж байна",IF(AJ50>=Нэгтгэл!$K$5,"Ахиж байна","Хөгжиж байна")))
A51: Чадна (1) | D51: =COUNTIF(D7:D50,1) | E51: =COUNTIF(E7:E50,1) | F51: =COUNTIF(F7:F50,1) | G51: =COUNTIF(G7:G50,1) | H51: =COUNTIF(H7:H50,1) | I51: =COUNTIF(I7:I50,1) | J51: =COUNTIF(J7:J50,1) | K51: =COUNTIF(K7:K50,1) | ... AH51: =COUNTIF(AH7:AH50,1) | AI51: Хангалттай эзэмшиж байна | AM51: =COUNTIF(AM7:AM50,"Хангалттай эзэмшиж байна")
A52: Хувь | D52: =IF(COUNT(D7:D50)=0,"",ROUND(COUNTIF(D7:D50,1)/COUNT(D7:D50)*100,1)) | E52: =IF(COUNT(E7:E50)=0,"",ROUND(COUNTIF(E7:E50,1)/COUNT(E7:E50)*100,1)) | F52: =IF(COUNT(F7:F50)=0,"",ROUND(COUNTIF(F7:F50,1)/COUNT(F7:F50)*100,1)) | G52: =IF(COUNT(G7:G50)=0,"",ROUND(COUNTIF(G7:G50,1)/COUNT(G7:G50)*100,1)) | H52: =IF(COUNT(H7:H50)=0,"",ROUND(COUNTIF(H7:H50,1)/COUNT(H7:H50)*100,1)) | I52: =IF(COUNT(I7:I50)=0,"",ROUND(COUNTIF(I7:I50,1)/COUNT(I7:I50)*100,1)) | J52: =IF(COUNT(J7:J50)=0,"",ROUND(COUNTIF(J7:J50,1)/COUNT(J7:J50)*100,1)) | K52: =IF(COUNT(K7:K50)=0,"",ROUND(COUNTIF(K7:K50,1)/COUNT(K7:K50)*100,1)) | ... AH52: =IF(COUNT(AH7:AH50)=0,"",ROUND(COUNTIF(AH7:AH50,1)/COUNT(AH7:AH50)*100,1)) | AI52: Ахиж байна | AM52: =COUNTIF(AM7:AM50,"Ахиж байна")
A53: Чадахгүй (0) | D53: =COUNTIF(D7:D50,0) | E53: =COUNTIF(E7:E50,0) | F53: =COUNTIF(F7:F50,0) | G53: =COUNTIF(G7:G50,0) | H53: =COUNTIF(H7:H50,0) | I53: =COUNTIF(I7:I50,0) | J53: =COUNTIF(J7:J50,0) | K53: =COUNTIF(K7:K50,0) | ... AH53: =COUNTIF(AH7:AH50,0) | AI53: Хөгжиж байна | AM53: =COUNTIF(AM7:AM50,"Хөгжиж байна")
A54: Хувь | D54: =IF(COUNT(D7:D50)=0,"",ROUND(COUNTIF(D7:D50,0)/COUNT(D7:D50)*100,1)) | E54: =IF(COUNT(E7:E50)=0,"",ROUND(COUNTIF(E7:E50,0)/COUNT(E7:E50)*100,1)) | F54: =IF(COUNT(F7:F50)=0,"",ROUND(COUNTIF(F7:F50,0)/COUNT(F7:F50)*100,1)) | G54: =IF(COUNT(G7:G50)=0,"",ROUND(COUNTIF(G7:G50,0)/COUNT(G7:G50)*100,1)) | H54: =IF(COUNT(H7:H50)=0,"",ROUND(COUNTIF(H7:H50,0)/COUNT(H7:H50)*100,1)) | I54: =IF(COUNT(I7:I50)=0,"",ROUND(COUNTIF(I7:I50,0)/COUNT(I7:I50)*100,1)) | J54: =IF(COUNT(J7:J50)=0,"",ROUND(COUNTIF(J7:J50,0)/COUNT(J7:J50)*100,1)) | K54: =IF(COUNT(K7:K50)=0,"",ROUND(COUNTIF(K7:K50,0)/COUNT(K7:K50)*100,1)) | ... AH54: =IF(COUNT(AH7:AH50)=0,"",ROUND(COUNTIF(AH7:AH50,0)/COUNT(AH7:AH50)*100,1))

Sheet Төлөвшил
A1: ................ ЦЭЦЭРЛЭГИЙН АХЛАХ БҮЛГИЙН (4 НАС) ГАРААНЫ (ОНОШЛОХ) ҮНЭЛГЭЭ
A2: Үнэлгээний хүрээ: Төлөвшил Огноо: 20.... оны .... сар Багш: ................................ Чадна = 1, Чадахгүй = 0 (А/79 журам, III түвшний шалгуур)
A3: № | B3: Хүүхдийн код | D3: Үнэлгээний хүрээ: Төлөвшил | J3: Чадна (1) | K3: Хувь | L3: Чадахгүй (0) | M3: Хувь | N3: Түвшин
D4: Бусдын сэтгэлийн хөдөлгөөн өөр, өөр байдгийг мэдэн зохицож харилцдаг. | E4: Бусадтай тоглоом, наадгай, эд зүйлсээ хуваалцан хамтарч тоглодог. | F4: Өдөр тутмын үйл ажиллагаанд бие даан оролцдог. | G4: Харилцан ярианд идэвх санаачилга (тодруулах асуулт асуух, хариу өгөх, санаагаа илэрхийлэх)-тай оролцдог. | H4: Тасалгааны ургамлыг арчлахад оролцдог. | I4: Үндэсний тоглоом, наадгайгаар тоглодог (шагай, хөлөгт тоглоом зэрэг).
D5: СҮД: НСХ3.2а. Бусдын сэтгэл хөдлөлийн таатай, таагүй, байгааг тайлбарладаг болно. | E5: СҮД: НСХ3.3б. Бусадтай сэтгэл хөдлөл, сонирхлоороо ижил төстэйгөө мэддэг болно. | F5: СҮД: НСХ3.3в. Үйл ажиллагаанд тодорхой үүрэг хүлээж оролцдог болно. | G5: СҮД: ХЯ3.2а. Харилцан ярианд өөрийн санаачилгаар оролцож, санал бодлоо илэрхийлнэ. | H5: СҮД: БНО3.1б. Тасалгааны ургамлын гол хэсгүүд (үндэс, иш, навч, цэцэг)- ийг нэрлэж, арчлах, ургуулах үйлд оролцоно. | I5: СҮД: БНО3.2д. Гэр бүлийн орчинд уламжлалт баярыг хэрхэн тэмдэглэдэг талаар өөрийн үгээр тайлбарлаж, ардын тоглоом, наадгайгаар наадна.
D6: 1 / 0 | E6: 1 / 0 | F6: 1 / 0 | G6: 1 / 0 | H6: 1 / 0 | I6: 1 / 0
A7: 1 | B7: =IF(Нэгтгэл!B7="","",Нэгтгэл!B7) | D7: 1 | E7: 0 | F7: 1 | G7: 0 | H7: 1 | I7: 1 | J7: =COUNTIF(D7:I7,1) | K7: =IF(COUNT(D7:I7)=0,"",ROUND(J7/6*100,1)) | L7: =COUNTIF(D7:I7,0) | M7: =IF(COUNT(D7:I7)=0,"",ROUND(L7/6*100,1)) | N7: =IF(K7="","",IF(K7>=Нэгтгэл!$K$4,"Хангалттай эзэмшиж байна",IF(K7>=Нэгтгэл!$K$5,"Ахиж байна","Хөгжиж байна")))
A8: 2 | B8: =IF(Нэгтгэл!B8="","",Нэгтгэл!B8) | D8: 1 | E8: 1 | F8: 1 | G8: 0 | H8: 1 | I8: 1 | J8: =COUNTIF(D8:I8,1) | K8: =IF(COUNT(D8:I8)=0,"",ROUND(J8/6*100,1)) | L8: =COUNTIF(D8:I8,0) | M8: =IF(COUNT(D8:I8)=0,"",ROUND(L8/6*100,1)) | N8: =IF(K8="","",IF(K8>=Нэгтгэл!$K$4,"Хангалттай эзэмшиж байна",IF(K8>=Нэгтгэл!$K$5,"Ахиж байна","Хөгжиж байна")))
A9: 3 | B9: =IF(Нэгтгэл!B9="","",Нэгтгэл!B9) | D9: 1 | E9: 1 | F9: 1 | G9: 1 | H9: 1 | I9: 0 | J9: =COUNTIF(D9:I9,1) | K9: =IF(COUNT(D9:I9)=0,"",ROUND(J9/6*100,1)) | L9: =COUNTIF(D9:I9,0) | M9: =IF(COUNT(D9:I9)=0,"",ROUND(L9/6*100,1)) | N9: =IF(K9="","",IF(K9>=Нэгтгэл!$K$4,"Хангалттай эзэмшиж байна",IF(K9>=Нэгтгэл!$K$5,"Ахиж байна","Хөгжиж байна")))
A10: 4 | B10: =IF(Нэгтгэл!B10="","",Нэгтгэл!B10) | D10: 1 | E10: 1 | F10: 1 | G10: 1 | H10: 0 | I10: 1 | J10: =COUNTIF(D10:I10,1) | K10: =IF(COUNT(D10:I10)=0,"",ROUND(J10/6*100,1)) | L10: =COUNTIF(D10:I10,0) | M10: =IF(COUNT(D10:I10)=0,"",ROUND(L10/6*100,1)) | N10: =IF(K10="","",IF(K10>=Нэгтгэл!$K$4,"Хангалттай эзэмшиж байна",IF(K10>=Нэгтгэл!$K$5,"Ахиж байна","Хөгжиж байна")))
A11: 5 | B11: =IF(Нэгтгэл!B11="","",Нэгтгэл!B11) | D11: 0 | E11: 0 | F11: 1 | G11: 1 | H11: 1 | I11: 1 | J11: =COUNTIF(D11:I11,1) | K11: =IF(COUNT(D11:I11)=0,"",ROUND(J11/6*100,1)) | L11: =COUNTIF(D11:I11,0) | M11: =IF(COUNT(D11:I11)=0,"",ROUND(L11/6*100,1)) | N11: =IF(K11="","",IF(K11>=Нэгтгэл!$K$4,"Хангалттай эзэмшиж байна",IF(K11>=Нэгтгэл!$K$5,"Ахиж байна","Хөгжиж байна")))
A12: 6 | B12: =IF(Нэгтгэл!B12="","",Нэгтгэл!B12) | D12: 0 | E12: 1 | F12: 1 | G12: 1 | H12: 1 | I12: 1 | J12: =COUNTIF(D12:I12,1) | K12: =IF(COUNT(D12:I12)=0,"",ROUND(J12/6*100,1)) | L12: =COUNTIF(D12:I12,0) | M12: =IF(COUNT(D12:I12)=0,"",ROUND(L12/6*100,1)) | N12: =IF(K12="","",IF(K12>=Нэгтгэл!$K$4,"Хангалттай эзэмшиж байна",IF(K12>=Нэгтгэл!$K$5,"Ахиж байна","Хөгжиж байна")))
A13: 7 | B13: =IF(Нэгтгэл!B13="","",Нэгтгэл!B13) | D13: 1 | E13: 1 | F13: 1 | G13: 0 | H13: 1 | I13: 1 | J13: =COUNTIF(D13:I13,1) | K13: =IF(COUNT(D13:I13)=0,"",ROUND(J13/6*100,1)) | L13: =COUNTIF(D13:I13,0) | M13: =IF(COUNT(D13:I13)=0,"",ROUND(L13/6*100,1)) | N13: =IF(K13="","",IF(K13>=Нэгтгэл!$K$4,"Хангалттай эзэмшиж байна",IF(K13>=Нэгтгэл!$K$5,"Ахиж байна","Хөгжиж байна")))
A14: 8 | B14: =IF(Нэгтгэл!B14="","",Нэгтгэл!B14) | D14: 0 | E14: 0 | F14: 0 | G14: 0 | H14: 1 | I14: 1 | J14: =COUNTIF(D14:I14,1) | K14: =IF(COUNT(D14:I14)=0,"",ROUND(J14/6*100,1)) | L14: =COUNTIF(D14:I14,0) | M14: =IF(COUNT(D14:I14)=0,"",ROUND(L14/6*100,1)) | N14: =IF(K14="","",IF(K14>=Нэгтгэл!$K$4,"Хангалттай эзэмшиж байна",IF(K14>=Нэгтгэл!$K$5,"Ахиж байна","Хөгжиж байна")))
A15: 9 | B15: =IF(Нэгтгэл!B15="","",Нэгтгэл!B15) | D15: 1 | E15: 1 | F15: 1 | G15: 1 | H15: 1 | I15: 1 | J15: =COUNTIF(D15:I15,1) | K15: =IF(COUNT(D15:I15)=0,"",ROUND(J15/6*100,1)) | L15: =COUNTIF(D15:I15,0) | M15: =IF(COUNT(D15:I15)=0,"",ROUND(L15/6*100,1)) | N15: =IF(K15="","",IF(K15>=Нэгтгэл!$K$4,"Хангалттай эзэмшиж байна",IF(K15>=Нэгтгэл!$K$5,"Ахиж байна","Хөгжиж байна")))
A16: 10 | B16: =IF(Нэгтгэл!B16="","",Нэгтгэл!B16) | D16: 1 | E16: 1 | F16: 1 | G16: 1 | H16: 0 | I16: 0 | J16: =COUNTIF(D16:I16,1) | K16: =IF(COUNT(D16:I16)=0,"",ROUND(J16/6*100,1)) | L16: =COUNTIF(D16:I16,0) | M16: =IF(COUNT(D16:I16)=0,"",ROUND(L16/6*100,1)) | N16: =IF(K16="","",IF(K16>=Нэгтгэл!$K$4,"Хангалттай эзэмшиж байна",IF(K16>=Нэгтгэл!$K$5,"Ахиж байна","Хөгжиж байна")))
A17: 11 | B17: =IF(Нэгтгэл!B17="","",Нэгтгэл!B17) | D17: 1 | E17: 1 | F17: 0 | G17: 1 | H17: 1 | I17: 1 | J17: =COUNTIF(D17:I17,1) | K17: =IF(COUNT(D17:I17)=0,"",ROUND(J17/6*100,1)) | L17: =COUNTIF(D17:I17,0) | M17: =IF(COUNT(D17:I17)=0,"",ROUND(L17/6*100,1)) | N17: =IF(K17="","",IF(K17>=Нэгтгэл!$K$4,"Хангалттай эзэмшиж байна",IF(K17>=Нэгтгэл!$K$5,"Ахиж байна","Хөгжиж байна")))
A18: 12 | B18: =IF(Нэгтгэл!B18="","",Нэгтгэл!B18) | D18: 1 | E18: 1 | F18: 1 | G18: 1 | H18: 1 | I18: 1 | J18: =COUNTIF(D18:I18,1) | K18: =IF(COUNT(D18:I18)=0,"",ROUND(J18/6*100,1)) | L18: =COUNTIF(D18:I18,0) | M18: =IF(COUNT(D18:I18)=0,"",ROUND(L18/6*100,1)) | N18: =IF(K18="","",IF(K18>=Нэгтгэл!$K$4,"Хангалттай эзэмшиж байна",IF(K18>=Нэгтгэл!$K$5,"Ахиж байна","Хөгжиж байна")))
... A50: 44 | B50: =IF(Нэгтгэл!B50="","",Нэгтгэл!B50) | D50: 1 | E50: 1 | F50: 1 | G50: 1 | H50: 1 | I50: 1 | J50: =COUNTIF(D50:I50,1) | K50: =IF(COUNT(D50:I50)=0,"",ROUND(J50/6*100,1)) | L50: =COUNTIF(D50:I50,0) | M50: =IF(COUNT(D50:I50)=0,"",ROUND(L50/6*100,1)) | N50: =IF(K50="","",IF(K50>=Нэгтгэл!$K$4,"Хангалттай эзэмшиж байна",IF(K50>=Нэгтгэл!$K$5,"Ахиж байна","Хөгжиж байна")))
A51: Чадна (1) | D51: =COUNTIF(D7:D50,1) | E51: =COUNTIF(E7:E50,1) | F51: =COUNTIF(F7:F50,1) | G51: =COUNTIF(G7:G50,1) | H51: =COUNTIF(H7:H50,1) | I51: =COUNTIF(I7:I50,1) | J51: Хангалттай эзэмшиж байна | N51: =COUNTIF(N7:N50,"Хангалттай эзэмшиж байна")
A52: Хувь | D52: =IF(COUNT(D7:D50)=0,"",ROUND(COUNTIF(D7:D50,1)/COUNT(D7:D50)*100,1)) | E52: =IF(COUNT(E7:E50)=0,"",ROUND(COUNTIF(E7:E50,1)/COUNT(E7:E50)*100,1)) | F52: =IF(COUNT(F7:F50)=0,"",ROUND(COUNTIF(F7:F50,1)/COUNT(F7:F50)*100,1)) | G52: =IF(COUNT(G7:G50)=0,"",ROUND(COUNTIF(G7:G50,1)/COUNT(G7:G50)*100,1)) | H52: =IF(COUNT(H7:H50)=0,"",ROUND(COUNTIF(H7:H50,1)/COUNT(H7:H50)*100,1)) | I52: =IF(COUNT(I7:I50)=0,"",ROUND(COUNTIF(I7:I50,1)/COUNT(I7:I50)*100,1)) | J52: Ахиж байна | N52: =COUNTIF(N7:N50,"Ахиж байна")
A53: Чадахгүй (0) | D53: =COUNTIF(D7:D50,0) | E53: =COUNTIF(E7:E50,0) | F53: =COUNTIF(F7:F50,0) | G53: =COUNTIF(G7:G50,0) | H53: =COUNTIF(H7:H50,0) | I53: =COUNTIF(I7:I50,0) | J53: Хөгжиж байна | N53: =COUNTIF(N7:N50,"Хөгжиж байна")
A54: Хувь | D54: =IF(COUNT(D7:D50)=0,"",ROUND(COUNTIF(D7:D50,0)/COUNT(D7:D50)*100,1)) | E54: =IF(COUNT(E7:E50)=0,"",ROUND(COUNTIF(E7:E50,0)/COUNT(E7:E50)*100,1)) | F54: =IF(COUNT(F7:F50)=0,"",ROUND(COUNTIF(F7:F50,0)/COUNT(F7:F50)*100,1)) | G54: =IF(COUNT(G7:G50)=0,"",ROUND(COUNTIF(G7:G50,0)/COUNT(G7:G50)*100,1)) | H54: =IF(COUNT(H7:H50)=0,"",ROUND(COUNTIF(H7:H50,0)/COUNT(H7:H50)*100,1)) | I54: =IF(COUNT(I7:I50)=0,"",ROUND(COUNTIF(I7:I50,0)/COUNT(I7:I50)*100,1))
