Workbook

Sheet Нэгтгэл
A1: ................ ЦЭЦЭРЛЭГИЙН БЭЛТГЭЛ БҮЛГИЙН (5 НАС) ГАРААНЫ (ОНОШЛОХ) ҮНЭЛГЭЭНИЙ НЭГТГЭЛ
A2: Огноо: 20.... оны .... сар Багш: .................... Хүүхдийн кодыг B баганад бичнэ.
A3: № | B3: Хүүхдийн код | C3: «Чадна» хувь (%) | F3: Нийт чадна (49-аас) | G3: Нийт хувь | H3: Түвшин | J3: Түвшний босго (%) — өөрчилж болно
C4: Үнэлгээний хүрээ | J4: Хангалттай эзэмшиж байна ≥ | K4: 80
C5: Мэдлэг | D5: Чадвар | E5: Төлөвшил | J5: Ахиж байна ≥ | K5: 50
C6: 8 | D6: 28 | E6: 13 | J6: Бусад нь «Хөгжиж байна» (А/79, 2.10)
A7: 1 | B7: Х-01 | C7: =IF(COUNT('Мэдлэг'!D7:K7)=0,"",ROUND(COUNTIF('Мэдлэг'!D7:K7,1)/8*100,1)) | D7: =IF(COUNT('Чадвар'!D7:AE7)=0,"",ROUND(COUNTIF('Чадвар'!D7:AE7,1)/28*100,1)) | E7: =IF(COUNT('Төлөвшил'!D7:P7)=0,"",ROUND(COUNTIF('Төлөвшил'!D7:P7,1)/13*100,1)) | F7: =COUNTIF('Мэдлэг'!D7:K7,1)+COUNTIF('Чадвар'!D7:AE7,1)+COUNTIF('Төлөвшил'!D7:P7,1) | G7: =IF((COUNT('Мэдлэг'!D7:K7)+COUNT('Чадвар'!D7:AE7)+COUNT('Төлөвшил'!D7:P7))=0,"",ROUND(F7/49*100,1)) | H7: =IF(G7="","",IF(G7>=Нэгтгэл!$K$4,"Хангалттай эзэмшиж байна",IF(G7>=Нэгтгэл!$K$5,"Ахиж байна","Хөгжиж байна")))
A8: 2 | B8: Х-02 | C8: =IF(COUNT('Мэдлэг'!D8:K8)=0,"",ROUND(COUNTIF('Мэдлэг'!D8:K8,1)/8*100,1)) | D8: =IF(COUNT('Чадвар'!D8:AE8)=0,"",ROUND(COUNTIF('Чадвар'!D8:AE8,1)/28*100,1)) | E8: =IF(COUNT('Төлөвшил'!D8:P8)=0,"",ROUND(COUNTIF('Төлөвшил'!D8:P8,1)/13*100,1)) | F8: =COUNTIF('Мэдлэг'!D8:K8,1)+COUNTIF('Чадвар'!D8:AE8,1)+COUNTIF('Төлөвшил'!D8:P8,1) | G8: =IF((COUNT('Мэдлэг'!D8:K8)+COUNT('Чадвар'!D8:AE8)+COUNT('Төлөвшил'!D8:P8))=0,"",ROUND(F8/49*100,1)) | H8: =IF(G8="","",IF(G8>=Нэгтгэл!$K$4,"Хангалттай эзэмшиж байна",IF(G8>=Нэгтгэл!$K$5,"Ахиж байна","Хөгжиж байна")))
A9: 3 | B9: Х-03 | C9: =IF(COUNT('Мэдлэг'!D9:K9)=0,"",ROUND(COUNTIF('Мэдлэг'!D9:K9,1)/8*100,1)) | D9: =IF(COUNT('Чадвар'!D9:AE9)=0,"",ROUND(COUNTIF('Чадвар'!D9:AE9,1)/28*100,1)) | E9: =IF(COUNT('Төлөвшил'!D9:P9)=0,"",ROUND(COUNTIF('Төлөвшил'!D9:P9,1)/13*100,1)) | F9: =COUNTIF('Мэдлэг'!D9:K9,1)+COUNTIF('Чадвар'!D9:AE9,1)+COUNTIF('Төлөвшил'!D9:P9,1) | G9: =IF((COUNT('Мэдлэг'!D9:K9)+COUNT('Чадвар'!D9:AE9)+COUNT('Төлөвшил'!D9:P9))=0,"",ROUND(F9/49*100,1)) | H9: =IF(G9="","",IF(G9>=Нэгтгэл!$K$4,"Хангалттай эзэмшиж байна",IF(G9>=Нэгтгэл!$K$5,"Ахиж байна","Хөгжиж байна")))
A10: 4 | B10: Х-04 | C10: =IF(COUNT('Мэдлэг'!D10:K10)=0,"",ROUND(COUNTIF('Мэдлэг'!D10:K10,1)/8*100,1)) | D10: =IF(COUNT('Чадвар'!D10:AE10)=0,"",ROUND(COUNTIF('Чадвар'!D10:AE10,1)/28*100,1)) | E10: =IF(COUNT('Төлөвшил'!D10:P10)=0,"",ROUND(COUNTIF('Төлөвшил'!D10:P10,1)/13*100,1)) | F10: =COUNTIF('Мэдлэг'!D10:K10,1)+COUNTIF('Чадвар'!D10:AE10,1)+COUNTIF('Төлөвшил'!D10:P10,1) | G10: =IF((COUNT('Мэдлэг'!D10:K10)+COUNT('Чадвар'!D10:AE10)+COUNT('Төлөвшил'!D10:P10))=0,"",ROUND(F10/49*100,1)) | H10: =IF(G10="","",IF(G10>=Нэгтгэл!$K$4,"Хангалттай эзэмшиж байна",IF(G10>=Нэгтгэл!$K$5,"Ахиж байна","Хөгжиж байна")))
A11: 5 | B11: Х-05 | C11: =IF(COUNT('Мэдлэг'!D11:K11)=0,"",ROUND(COUNTIF('Мэдлэг'!D11:K11,1)/8*100,1)) | D11: =IF(COUNT('Чадвар'!D11:AE11)=0,"",ROUND(COUNTIF('Чадвар'!D11:AE11,1)/28*100,1)) | E11: =IF(COUNT('Төлөвшил'!D11:P11)=0,"",ROUND(COUNTIF('Төлөвшил'!D11:P11,1)/13*100,1)) | F11: =COUNTIF('Мэдлэг'!D11:K11,1)+COUNTIF('Чадвар'!D11:AE11,1)+COUNTIF('Төлөвшил'!D11:P11,1) | G11: =IF((COUNT('Мэдлэг'!D11:K11)+COUNT('Чадвар'!D11:AE11)+COUNT('Төлөвшил'!D11:P11))=0,"",ROUND(F11/49*100,1)) | H11: =IF(G11="","",IF(G11>=Нэгтгэл!$K$4,"Хангалттай эзэмшиж байна",IF(G11>=Нэгтгэл!$K$5,"Ахиж байна","Хөгжиж байна")))
A12: 6 | B12: Х-06 | C12: =IF(COUNT('Мэдлэг'!D12:K12)=0,"",ROUND(COUNTIF('Мэдлэг'!D12:K12,1)/8*100,1)) | D12: =IF(COUNT('Чадвар'!D12:AE12)=0,"",ROUND(COUNTIF('Чадвар'!D12:AE12,1)/28*100,1)) | E12: =IF(COUNT('Төлөвшил'!D12:P12)=0,"",ROUND(COUNTIF('Төлөвшил'!D12:P12,1)/13*100,1)) | F12: =COUNTIF('Мэдлэг'!D12:K12,1)+COUNTIF('Чадвар'!D12:AE12,1)+COUNTIF('Төлөвшил'!D12:P12,1) | G12: =IF((COUNT('Мэдлэг'!D12:K12)+COUNT('Чадвар'!D12:AE12)+COUNT('Төлөвшил'!D12:P12))=0,"",ROUND(F12/49*100,1)) | H12: =IF(G12="","",IF(G12>=Нэгтгэл!$K$4,"Хангалттай эзэмшиж байна",IF(G12>=Нэгтгэл!$K$5,"Ахиж байна","Хөгжиж байна")))
A13: 7 | B13: Х-07 | C13: =IF(COUNT('Мэдлэг'!D13:K13)=0,"",ROUND(COUNTIF('Мэдлэг'!D13:K13,1)/8*100,1)) | D13: =IF(COUNT('Чадвар'!D13:AE13)=0,"",ROUND(COUNTIF('Чадвар'!D13:AE13,1)/28*100,1)) | E13: =IF(COUNT('Төлөвшил'!D13:P13)=0,"",ROUND(COUNTIF('Төлөвшил'!D13:P13,1)/13*100,1)) | F13: =COUNTIF('Мэдлэг'!D13:K13,1)+COUNTIF('Чадвар'!D13:AE13,1)+COUNTIF('Төлөвшил'!D13:P13,1) | G13: =IF((COUNT('Мэдлэг'!D13:K13)+COUNT('Чадвар'!D13:AE13)+COUNT('Төлөвшил'!D13:P13))=0,"",ROUND(F13/49*100,1)) | H13: =IF(G13="","",IF(G13>=Нэгтгэл!$K$4,"Хангалттай эзэмшиж байна",IF(G13>=Нэгтгэл!$K$5,"Ахиж байна","Хөгжиж байна")))
A14: 8 | B14: Х-08 | C14: =IF(COUNT('Мэдлэг'!D14:K14)=0,"",ROUND(COUNTIF('Мэдлэг'!D14:K14,1)/8*100,1)) | D14: =IF(COUNT('Чадвар'!D14:AE14)=0,"",ROUND(COUNTIF('Чадвар'!D14:AE14,1)/28*100,1)) | E14: =IF(COUNT('Төлөвшил'!D14:P14)=0,"",ROUND(COUNTIF('Төлөвшил'!D14:P14,1)/13*100,1)) | F14: =COUNTIF('Мэдлэг'!D14:K14,1)+COUNTIF('Чадвар'!D14:AE14,1)+COUNTIF('Төлөвшил'!D14:P14,1) | G14: =IF((COUNT('Мэдлэг'!D14:K14)+COUNT('Чадвар'!D14:AE14)+COUNT('Төлөвшил'!D14:P14))=0,"",ROUND(F14/49*100,1)) | H14: =IF(G14="","",IF(G14>=Нэгтгэл!$K$4,"Хангалттай эзэмшиж байна",IF(G14>=Нэгтгэл!$K$5,"Ахиж байна","Хөгжиж байна")))
A15: 9 | B15: Х-09 | C15: =IF(COUNT('Мэдлэг'!D15:K15)=0,"",ROUND(COUNTIF('Мэдлэг'!D15:K15,1)/8*100,1)) | D15: =IF(COUNT('Чадвар'!D15:AE15)=0,"",ROUND(COUNTIF('Чадвар'!D15:AE15,1)/28*100,1)) | E15: =IF(COUNT('Төлөвшил'!D15:P15)=0,"",ROUND(COUNTIF('Төлөвшил'!D15:P15,1)/13*100,1)) | F15: =COUNTIF('Мэдлэг'!D15:K15,1)+COUNTIF('Чадвар'!D15:AE15,1)+COUNTIF('Төлөвшил'!D15:P15,1) | G15: =IF((COUNT('Мэдлэг'!D15:K15)+COUNT('Чадвар'!D15:AE15)+COUNT('Төлөвшил'!D15:P15))=0,"",ROUND(F15/49*100,1)) | H15: =IF(G15="","",IF(G15>=Нэгтгэл!$K$4,"Хангалттай эзэмшиж байна",IF(G15>=Нэгтгэл!$K$5,"Ахиж байна","Хөгжиж байна")))
A16: 10 | B16: Х-10 | C16: =IF(COUNT('Мэдлэг'!D16:K16)=0,"",ROUND(COUNTIF('Мэдлэг'!D16:K16,1)/8*100,1)) | D16: =IF(COUNT('Чадвар'!D16:AE16)=0,"",ROUND(COUNTIF('Чадвар'!D16:AE16,1)/28*100,1)) | E16: =IF(COUNT('Төлөвшил'!D16:P16)=0,"",ROUND(COUNTIF('Төлөвшил'!D16:P16,1)/13*100,1)) | F16: =COUNTIF('Мэдлэг'!D16:K16,1)+COUNTIF('Чадвар'!D16:AE16,1)+COUNTIF('Төлөвшил'!D16:P16,1) | G16: =IF((COUNT('Мэдлэг'!D16:K16)+COUNT('Чадвар'!D16:AE16)+COUNT('Төлөвшил'!D16:P16))=0,"",ROUND(F16/49*100,1)) | H16: =IF(G16="","",IF(G16>=Нэгтгэл!$K$4,"Хангалттай эзэмшиж байна",IF(G16>=Нэгтгэл!$K$5,"Ахиж байна","Хөгжиж байна")))
A17: 11 | B17: Х-11 | C17: =IF(COUNT('Мэдлэг'!D17:K17)=0,"",ROUND(COUNTIF('Мэдлэг'!D17:K17,1)/8*100,1)) | D17: =IF(COUNT('Чадвар'!D17:AE17)=0,"",ROUND(COUNTIF('Чадвар'!D17:AE17,1)/28*100,1)) | E17: =IF(COUNT('Төлөвшил'!D17:P17)=0,"",ROUND(COUNTIF('Төлөвшил'!D17:P17,1)/13*100,1)) | F17: =COUNTIF('Мэдлэг'!D17:K17,1)+COUNTIF('Чадвар'!D17:AE17,1)+COUNTIF('Төлөвшил'!D17:P17,1) | G17: =IF((COUNT('Мэдлэг'!D17:K17)+COUNT('Чадвар'!D17:AE17)+COUNT('Төлөвшил'!D17:P17))=0,"",ROUND(F17/49*100,1)) | H17: =IF(G17="","",IF(G17>=Нэгтгэл!$K$4,"Хангалттай эзэмшиж байна",IF(G17>=Нэгтгэл!$K$5,"Ахиж байна","Хөгжиж байна")))
A18: 12 | B18: Х-12 | C18: =IF(COUNT('Мэдлэг'!D18:K18)=0,"",ROUND(COUNTIF('Мэдлэг'!D18:K18,1)/8*100,1)) | D18: =IF(COUNT('Чадвар'!D18:AE18)=0,"",ROUND(COUNTIF('Чадвар'!D18:AE18,1)/28*100,1)) | E18: =IF(COUNT('Төлөвшил'!D18:P18)=0,"",ROUND(COUNTIF('Төлөвшил'!D18:P18,1)/13*100,1)) | F18: =COUNTIF('Мэдлэг'!D18:K18,1)+COUNTIF('Чадвар'!D18:AE18,1)+COUNTIF('Төлөвшил'!D18:P18,1) | G18: =IF((COUNT('Мэдлэг'!D18:K18)+COUNT('Чадвар'!D18:AE18)+COUNT('Төлөвшил'!D18:P18))=0,"",ROUND(F18/49*100,1)) | H18: =IF(G18="","",IF(G18>=Нэгтгэл!$K$4,"Хангалттай эзэмшиж байна",IF(G18>=Нэгтгэл!$K$5,"Ахиж байна","Хөгжиж байна")))
... A55: 49 | B55: Х-49 | C55: =IF(COUNT('Мэдлэг'!D55:K55)=0,"",ROUND(COUNTIF('Мэдлэг'!D55:K55,1)/8*100,1)) | D55: =IF(COUNT('Чадвар'!D55:AE55)=0,"",ROUND(COUNTIF('Чадвар'!D55:AE55,1)/28*100,1)) | E55: =IF(COUNT('Төлөвшил'!D55:P55)=0,"",ROUND(COUNTIF('Төлөвшил'!D55:P55,1)/13*100,1)) | F55: =COUNTIF('Мэдлэг'!D55:K55,1)+COUNTIF('Чадвар'!D55:AE55,1)+COUNTIF('Төлөвшил'!D55:P55,1) | G55: =IF((COUNT('Мэдлэг'!D55:K55)+COUNT('Чадвар'!D55:AE55)+COUNT('Төлөвшил'!D55:P55))=0,"",ROUND(F55/49*100,1)) | H55: =IF(G55="","",IF(G55>=Нэгтгэл!$K$4,"Хангалттай эзэмшиж байна",IF(G55>=Нэгтгэл!$K$5,"Ахиж байна","Хөгжиж байна")))
A56: Бүлгийн дундаж хувь | C56: =IFERROR(ROUND(AVERAGE(C7:C55),1),"") | D56: =IFERROR(ROUND(AVERAGE(D7:D55),1),"") | E56: =IFERROR(ROUND(AVERAGE(E7:E55),1),"") | G56: =IFERROR(ROUND(AVERAGE(G7:G55),1),"")
A57: Хангалттай эзэмшиж байна (тоо) | C57: =COUNTIFS(C7:C55,">="&Нэгтгэл!$K$4) | D57: =COUNTIFS(D7:D55,">="&Нэгтгэл!$K$4) | E57: =COUNTIFS(E7:E55,">="&Нэгтгэл!$K$4) | G57: =COUNTIFS(G7:G55,">="&Нэгтгэл!$K$4) | H57: =COUNTIF(H7:H55,"Хангалттай эзэмшиж байна")
A58: Ахиж байна (тоо) | C58: =COUNTIFS(C7:C55,">="&Нэгтгэл!$K$5,C7:C55,"<"&Нэгтгэл!$K$4) | D58: =COUNTIFS(D7:D55,">="&Нэгтгэл!$K$5,D7:D55,"<"&Нэгтгэл!$K$4) | E58: =COUNTIFS(E7:E55,">="&Нэгтгэл!$K$5,E7:E55,"<"&Нэгтгэл!$K$4) | G58: =COUNTIFS(G7:G55,">="&Нэгтгэл!$K$5,G7:G55,"<"&Нэгтгэл!$K$4) | H58: =COUNTIF(H7:H55,"Ахиж байна")
A59: Хөгжиж байна (тоо) | C59: =COUNTIFS(C7:C55,"<"&Нэгтгэл!$K$5) | D59: =COUNTIFS(D7:D55,"<"&Нэгтгэл!$K$5) | E59: =COUNTIFS(E7:E55,"<"&Нэгтгэл!$K$5) | G59: =COUNTIFS(G7:G55,"<"&Нэгтгэл!$K$5) | H59: =COUNTIF(H7:H55,"Хөгжиж байна")

Sheet Мэдлэг
A1: ................ ЦЭЦЭРЛЭГИЙН БЭЛТГЭЛ БҮЛГИЙН (5 НАС) ГАРААНЫ (ОНОШЛОХ) ҮНЭЛГЭЭ
A2: Үнэлгээний хүрээ: Мэдлэг Огноо: 20.... оны .... сар Багш: ................................ Чадна = 1, Чадахгүй = 0 (А/79 журам, IV түвшний шалгуур)
A3: № | B3: Хүүхдийн код | D3: Үнэлгээний хүрээ: Мэдлэг | L3: Чадна (1) | M3: Хувь | N3: Чадахгүй (0) | O3: Хувь | P3: Түвшин
D4: Аюултай нөхцөлд (галаас хол байх, шатаар болгоомжтой явах гэх мэт) юу хийхийг мэддэг. | E4: Хүмүүсийн хоорондын харилцаа хэрхэн өрнөж байгааг ойлгодог. | F4: 20 хүртэл цээжээр тоолдог. | G4: Долоо хоногийн гарагийг дарааллаар нь нэрлэдэг. | H4: Тоглоом, юмсын ижил ба ялгаатай шинжийг нэрлэдэг. | I4: Ургамлын ургалтад хэрэгтэй зүйлийг нэрлэдэг. | J4: Улирлын онцлог хүмүүсийн амьдралд хэрхэн нөлөөлж байгааг тайлбарладаг. | K4: Уран зураг, уран баримлын бүтээлийг хайрлан хамгаалахыг мэддэг.
D5: СҮД: ХЭМ4.2д. Хувийн аюулгүй байдлаа хамгаалах дүрмийг өдөр тутмын амьдралд дагаж мөрдөнө. | E5: СҮД: НСХ4.3а. Хүмүүс хоорондоо хэрхэн харилцан хамааралтай байдгийг тайлбарладаг болно. | F5: СҮД: МАТ4.1а. 20 хүртэлх тоог цээжээр тоолох, 10 хүртэлх тооны юмсыг оноож тоолох, тоог таних, өгсөн тооноос эхэлж 1-ээр нэмэгдүүлэн, хорогдуулан тоолох, тоог жишнэ. (бодит юмсын олон, цөөнийг ялгаж жиших) | G5: СҮД: МАТ4.2б. Долоо хоногийн өдрийг дарааллаар нь нэрлэж, тухайн өдрүүдэд хийдэг танил үйл явдалтай холбож танилцуулна. | H5: СҮД: МАТ4.3а. Тоглоом юмсын ижил ялгаатай шинжийг нэрлэж, ангилж, тайлбарлана. | I5: СҮД: БНО4.1б. Ургамлын ургалтад юу хэрэгтэй болохыг тодорхойлж, тарьж ургуулах үйлд оролцоно. | J5: СҮД: БНО4.1г. Улирлын онцлогоос хамаарч амьтан, ургамал, хүмүүсийн амьдралд гарч буй өөрчлөлтийг тайлбарлаж, өөрийн хийх үйлийг тохируулан сонгоно. | K5: СҮД: ЗУ4.1а. Уран зургийн үйл явдал, баримлын дүрийн талаарх ойлголтоо бусдад тайлбарлана.
D6: 1 / 0 | E6: 1 / 0 | F6: 1 / 0 | G6: 1 / 0 | H6: 1 / 0 | I6: 1 / 0 | J6: 1 / 0 | K6: 1 / 0
A7: 1 | B7: =IF(Нэгтгэл!B7="","",Нэгтгэл!B7) | D7: 1 | E7: 1 | F7: 1 | G7: 1 | H7: 0 | I7: 1 | J7: 1 | K7: 1 | L7: =COUNTIF(D7:K7,1) | M7: =IF(COUNT(D7:K7)=0,"",ROUND(L7/8*100,1)) | N7: =COUNTIF(D7:K7,0) | O7: =IF(COUNT(D7:K7)=0,"",ROUND(N7/8*100,1)) | P7: =IF(M7="","",IF(M7>=Нэгтгэл!$K$4,"Хангалттай эзэмшиж байна",IF(M7>=Нэгтгэл!$K$5,"Ахиж байна","Хөгжиж байна")))
A8: 2 | B8: =IF(Нэгтгэл!B8="","",Нэгтгэл!B8) | D8: 1 | E8: 1 | F8: 0 | G8: 1 | H8: 1 | I8: 0 | J8: 0 | K8: 1 | L8: =COUNTIF(D8:K8,1) | M8: =IF(COUNT(D8:K8)=0,"",ROUND(L8/8*100,1)) | N8: =COUNTIF(D8:K8,0) | O8: =IF(COUNT(D8:K8)=0,"",ROUND(N8/8*100,1)) | P8: =IF(M8="","",IF(M8>=Нэгтгэл!$K$4,"Хангалттай эзэмшиж байна",IF(M8>=Нэгтгэл!$K$5,"Ахиж байна","Хөгжиж байна")))
A9: 3 | B9: =IF(Нэгтгэл!B9="","",Нэгтгэл!B9) | D9: 1 | E9: 1 | F9: 1 | G9: 0 | H9: 1 | I9: 1 | J9: 1 | K9: 0 | L9: =COUNTIF(D9:K9,1) | M9: =IF(COUNT(D9:K9)=0,"",ROUND(L9/8*100,1)) | N9: =COUNTIF(D9:K9,0) | O9: =IF(COUNT(D9:K9)=0,"",ROUND(N9/8*100,1)) | P9: =IF(M9="","",IF(M9>=Нэгтгэл!$K$4,"Хангалттай эзэмшиж байна",IF(M9>=Нэгтгэл!$K$5,"Ахиж байна","Хөгжиж байна")))
A10: 4 | B10: =IF(Нэгтгэл!B10="","",Нэгтгэл!B10) | D10: 1 | E10: 1 | F10: 0 | G10: 1 | H10: 1 | I10: 1 | J10: 1 | K10: 0 | L10: =COUNTIF(D10:K10,1) | M10: =IF(COUNT(D10:K10)=0,"",ROUND(L10/8*100,1)) | N10: =COUNTIF(D10:K10,0) | O10: =IF(COUNT(D10:K10)=0,"",ROUND(N10/8*100,1)) | P10: =IF(M10="","",IF(M10>=Нэгтгэл!$K$4,"Хангалттай эзэмшиж байна",IF(M10>=Нэгтгэл!$K$5,"Ахиж байна","Хөгжиж байна")))
A11: 5 | B11: =IF(Нэгтгэл!B11="","",Нэгтгэл!B11) | D11: 1 | E11: 1 | F11: 1 | G11: 1 | H11: 0 | I11: 1 | J11: 1 | K11: 1 | L11: =COUNTIF(D11:K11,1) | M11: =IF(COUNT(D11:K11)=0,"",ROUND(L11/8*100,1)) | N11: =COUNTIF(D11:K11,0) | O11: =IF(COUNT(D11:K11)=0,"",ROUND(N11/8*100,1)) | P11: =IF(M11="","",IF(M11>=Нэгтгэл!$K$4,"Хангалттай эзэмшиж байна",IF(M11>=Нэгтгэл!$K$5,"Ахиж байна","Хөгжиж байна")))
A12: 6 | B12: =IF(Нэгтгэл!B12="","",Нэгтгэл!B12) | D12: 1 | E12: 0 | F12: 1 | G12: 0 | H12: 1 | I12: 1 | J12: 0 | K12: 1 | L12: =COUNTIF(D12:K12,1) | M12: =IF(COUNT(D12:K12)=0,"",ROUND(L12/8*100,1)) | N12: =COUNTIF(D12:K12,0) | O12: =IF(COUNT(D12:K12)=0,"",ROUND(N12/8*100,1)) | P12: =IF(M12="","",IF(M12>=Нэгтгэл!$K$4,"Хангалттай эзэмшиж байна",IF(M12>=Нэгтгэл!$K$5,"Ахиж байна","Хөгжиж байна")))
A13: 7 | B13: =IF(Нэгтгэл!B13="","",Нэгтгэл!B13) | D13: 0 | E13: 1 | F13: 0 | G13: 1 | H13: 0 | I13: 1 | J13: 1 | K13: 0 | L13: =COUNTIF(D13:K13,1) | M13: =IF(COUNT(D13:K13)=0,"",ROUND(L13/8*100,1)) | N13: =COUNTIF(D13:K13,0) | O13: =IF(COUNT(D13:K13)=0,"",ROUND(N13/8*100,1)) | P13: =IF(M13="","",IF(M13>=Нэгтгэл!$K$4,"Хангалттай эзэмшиж байна",IF(M13>=Нэгтгэл!$K$5,"Ахиж байна","Хөгжиж байна")))
A14: 8 | B14: =IF(Нэгтгэл!B14="","",Нэгтгэл!B14) | D14: 0 | E14: 1 | F14: 0 | G14: 1 | H14: 0 | I14: 1 | J14: 0 | K14: 0 | L14: =COUNTIF(D14:K14,1) | M14: =IF(COUNT(D14:K14)=0,"",ROUND(L14/8*100,1)) | N14: =COUNTIF(D14:K14,0) | O14: =IF(COUNT(D14:K14)=0,"",ROUND(N14/8*100,1)) | P14: =IF(M14="","",IF(M14>=Нэгтгэл!$K$4,"Хангалттай эзэмшиж байна",IF(M14>=Нэгтгэл!$K$5,"Ахиж байна","Хөгжиж байна")))
A15: 9 | B15: =IF(Нэгтгэл!B15="","",Нэгтгэл!B15) | D15: 1 | E15: 0 | F15: 1 | G15: 1 | H15: 1 | I15: 1 | J15: 1 | K15: 1 | L15: =COUNTIF(D15:K15,1) | M15: =IF(COUNT(D15:K15)=0,"",ROUND(L15/8*100,1)) | N15: =COUNTIF(D15:K15,0) | O15: =IF(COUNT(D15:K15)=0,"",ROUND(N15/8*100,1)) | P15: =IF(M15="","",IF(M15>=Нэгтгэл!$K$4,"Хангалттай эзэмшиж байна",IF(M15>=Нэгтгэл!$K$5,"Ахиж байна","Хөгжиж байна")))
A16: 10 | B16: =IF(Нэгтгэл!B16="","",Нэгтгэл!B16) | D16: 1 | E16: 0 | F16: 1 | G16: 0 | H16: 0 | I16: 1 | J16: 1 | K16: 1 | L16: =COUNTIF(D16:K16,1) | M16: =IF(COUNT(D16:K16)=0,"",ROUND(L16/8*100,1)) | N16: =COUNTIF(D16:K16,0) | O16: =IF(COUNT(D16:K16)=0,"",ROUND(N16/8*100,1)) | P16: =IF(M16="","",IF(M16>=Нэгтгэл!$K$4,"Хангалттай эзэмшиж байна",IF(M16>=Нэгтгэл!$K$5,"Ахиж байна","Хөгжиж байна")))
A17: 11 | B17: =IF(Нэгтгэл!B17="","",Нэгтгэл!B17) | D17: 0 | E17: 1 | F17: 0 | G17: 1 | H17: 0 | I17: 1 | J17: 0 | K17: 0 | L17: =COUNTIF(D17:K17,1) | M17: =IF(COUNT(D17:K17)=0,"",ROUND(L17/8*100,1)) | N17: =COUNTIF(D17:K17,0) | O17: =IF(COUNT(D17:K17)=0,"",ROUND(N17/8*100,1)) | P17: =IF(M17="","",IF(M17>=Нэгтгэл!$K$4,"Хангалттай эзэмшиж байна",IF(M17>=Нэгтгэл!$K$5,"Ахиж байна","Хөгжиж байна")))
A18: 12 | B18: =IF(Нэгтгэл!B18="","",Нэгтгэл!B18) | D18: 0 | E18: 0 | F18: 0 | G18: 0 | H18: 0 | I18: 0 | J18: 1 | K18: 1 | L18: =COUNTIF(D18:K18,1) | M18: =IF(COUNT(D18:K18)=0,"",ROUND(L18/8*100,1)) | N18: =COUNTIF(D18:K18,0) | O18: =IF(COUNT(D18:K18)=0,"",ROUND(N18/8*100,1)) | P18: =IF(M18="","",IF(M18>=Нэгтгэл!$K$4,"Хангалттай эзэмшиж байна",IF(M18>=Нэгтгэл!$K$5,"Ахиж байна","Хөгжиж байна")))
... A55: 49 | B55: =IF(Нэгтгэл!B55="","",Нэгтгэл!B55) | D55: 1 | E55: 0 | F55: 0 | G55: 0 | H55: 0 | I55: 1 | J55: 1 | K55: 1 | L55: =COUNTIF(D55:K55,1) | M55: =IF(COUNT(D55:K55)=0,"",ROUND(L55/8*100,1)) | N55: =COUNTIF(D55:K55,0) | O55: =IF(COUNT(D55:K55)=0,"",ROUND(N55/8*100,1)) | P55: =IF(M55="","",IF(M55>=Нэгтгэл!$K$4,"Хангалттай эзэмшиж байна",IF(M55>=Нэгтгэл!$K$5,"Ахиж байна","Хөгжиж байна")))
A56: Чадна (1) | D56: =COUNTIF(D7:D55,1) | E56: =COUNTIF(E7:E55,1) | F56: =COUNTIF(F7:F55,1) | G56: =COUNTIF(G7:G55,1) | H56: =COUNTIF(H7:H55,1) | I56: =COUNTIF(I7:I55,1) | J56: =COUNTIF(J7:J55,1) | K56: =COUNTIF(K7:K55,1) | L56: Хангалттай эзэмшиж байна | P56: =COUNTIF(P7:P55,"Хангалттай эзэмшиж байна")
A57: Хувь | D57: =IF(COUNT(D7:D55)=0,"",ROUND(COUNTIF(D7:D55,1)/COUNT(D7:D55)*100,1)) | E57: =IF(COUNT(E7:E55)=0,"",ROUND(COUNTIF(E7:E55,1)/COUNT(E7:E55)*100,1)) | F57: =IF(COUNT(F7:F55)=0,"",ROUND(COUNTIF(F7:F55,1)/COUNT(F7:F55)*100,1)) | G57: =IF(COUNT(G7:G55)=0,"",ROUND(COUNTIF(G7:G55,1)/COUNT(G7:G55)*100,1)) | H57: =IF(COUNT(H7:H55)=0,"",ROUND(COUNTIF(H7:H55,1)/COUNT(H7:H55)*100,1)) | I57: =IF(COUNT(I7:I55)=0,"",ROUND(COUNTIF(I7:I55,1)/COUNT(I7:I55)*100,1)) | J57: =IF(COUNT(J7:J55)=0,"",ROUND(COUNTIF(J7:J55,1)/COUNT(J7:J55)*100,1)) | K57: =IF(COUNT(K7:K55)=0,"",ROUND(COUNTIF(K7:K55,1)/COUNT(K7:K55)*100,1)) | L57: Ахиж байна | P57: =COUNTIF(P7:P55,"Ахиж байна")
A58: Чадахгүй (0) | D58: =COUNTIF(D7:D55,0) | E58: =COUNTIF(E7:E55,0) | F58: =COUNTIF(F7:F55,0) | G58: =COUNTIF(G7:G55,0) | H58: =COUNTIF(H7:H55,0) | I58: =COUNTIF(I7:I55,0) | J58: =COUNTIF(J7:J55,0) | K58: =COUNTIF(K7:K55,0) | L58: Хөгжиж байна | P58: =COUNTIF(P7:P55,"Хөгжиж байна")
A59: Хувь | D59: =IF(COUNT(D7:D55)=0,"",ROUND(COUNTIF(D7:D55,0)/COUNT(D7:D55)*100,1)) | E59: =IF(COUNT(E7:E55)=0,"",ROUND(COUNTIF(E7:E55,0)/COUNT(E7:E55)*100,1)) | F59: =IF(COUNT(F7:F55)=0,"",ROUND(COUNTIF(F7:F55,0)/COUNT(F7:F55)*100,1)) | G59: =IF(COUNT(G7:G55)=0,"",ROUND(COUNTIF(G7:G55,0)/COUNT(G7:G55)*100,1)) | H59: =IF(COUNT(H7:H55)=0,"",ROUND(COUNTIF(H7:H55,0)/COUNT(H7:H55)*100,1)) | I59: =IF(COUNT(I7:I55)=0,"",ROUND(COUNTIF(I7:I55,0)/COUNT(I7:I55)*100,1)) | J59: =IF(COUNT(J7:J55)=0,"",ROUND(COUNTIF(J7:J55,0)/COUNT(J7:J55)*100,1)) | K59: =IF(COUNT(K7:K55)=0,"",ROUND(COUNTIF(K7:K55,0)/COUNT(K7:K55)*100,1))

Sheet Чадвар
A1: ................ ЦЭЦЭРЛЭГИЙН БЭЛТГЭЛ БҮЛГИЙН (5 НАС) ГАРААНЫ (ОНОШЛОХ) ҮНЭЛГЭЭ
A2: Үнэлгээний хүрээ: Чадвар Огноо: 20.... оны .... сар Багш: ................................ Чадна = 1, Чадахгүй = 0 (А/79 журам, IV түвшний шалгуур)
A3: № | B3: Хүүхдийн код | D3: Үнэлгээний хүрээ: Чадвар | AF3: Чадна (1) | AG3: Хувь | AH3: Чадахгүй (0) | AI3: Хувь | AJ3: Түвшин
D4: Вандан сандал дээгүүр алхахдаа гарын хөдөлгөөн (гараа алдлах, өргөх гэх мэт)-ийг хослуулдаг. | E4: 7-8 саадыг сүлжиж гүйдэг (10 метр зайд). | F4: Вандан сандал дээр элгээр гулсаж мөлхдөг. | G4: 30 см өндөртэй тавцан дээрээс техникийн дагуу үсэрч буудаг. | H4: 1.5-2 метр зайд байгаа хүүхдэд бөмбөгийг газарт ойлгож өгөх, газарт ойлгож өгсөн бөмбөгийг барьж авдаг. | I4: Сургалт, үйл ажиллагааны явцад тодорхой үйл, үйлдлийг хийж чадах, чадахгүй шалтгаанаа тайлбарладаг. | J4: Өөрийн хэрэгцээгээ илэрхийлдэг. | K4: Гэр бүлийн гишүүдээ танилцуулж, ажил хөдөлмөрт нь хэрхэн тусалдаг талаар тайлбарлан ярьдаг. | L4: Тайвшрахад туслах аргуудыг багшийн тусламжтай хэрэглэдэг. | M4: Нэрлэсэн үгийн эхэнд ба төгсгөлд орсон авиаг ялгадаг. | N4: Ном болон үлгэр, зохиол, болсон үйл явдлыг дэс дараатай тайлбарладаг. | O4: Үлгэр зохиолын төгсгөлийг өөрийн төсөөллөөр үргэлжлүүлэн зохиож ярьдаг. | P4: Өөрийн нэрийн дармал үсгийг дагуулж бичдэг. | Q4: Ном болон үлгэр, зохиол, болсон үйл явдлыг дэс дараатай тайлбарладаг. | R4: 10 хүртэлх эд юмсыг оноож тоолдог. | S4: Өгөгдсөн тооноос 20 дотор нэгээр нэмэгдүүлж, хорогдуулж тоолдог. | T4: 10 хүртэлх тооны дарааллаас орхигдсон 1-2 тоог олдог. | U4: Нэг юмсын байрлалаар нөгөө юмсын байрлалыг тодорхойлдог. | V4: Юмсын хэмжээ (урт, хүнд, багтаамж)-гээр нь таамаглан харьцуулдаг. | W4: Юмсыг шинж чанараар нь бүлэглэн учрыг тайлбарладаг. | X4: Сэдвийн хүрээнд үйл явдал (байгалийн үзэгдэл, үлгэр гэх мэт)-ыг бүтээлчээр зохиомжлон зурдаг. | Y4: Баримлын шавар, байгалийн материал зэргээр сэдэвт баримал барьдаг. | Z4: Өгөгдсөн сэдвийн хүрээнд наамал хийдэг. | AA4: Эд зүйлсээр юмсыг зохиомжлон бүтээж, дүрслэлийг баяжуулдаг. | AB4: Хөгжмийн энгийн зэмсгийг дуугаралтаар нь ялгаж нэрлэдэг | AC4: Гарын дохионы дагуу дууны өндөрлөг, хурдыг зохицуулан дуулдаг. | AD4: Хөгжмийн энгийн зэмсгээр аялгууны хэмнэлд нийцүүлэн хөгжимддөг. | AE4: Хөгжмийн аялгуунд нийцсэн хөдөлгөөн хийдэг.
D5: СҮД: ХЭМ4.1в. Гараа алдлан нэг хөлөө арагш шулуун өргөн тэнцвэр хадгалан (хараацай) зогсоно. | E5: СҮД: ХЭМ4.1г. Алхалт, гүйлтийг хөгжмийн хэмнэлд тохируулан чиглэл, хурдаа өөрчилж гүйцэтгэнэ. | F5: СҮД: ХЭМ4.1е. Мөлхөлтийн төрлүүдийг (туулай мөлхөлт, элгээр гулсаж мөлхөх, нуруугаар гулсаж мөлхөх) хэрэглэл ашиглан гүйцэтгэнэ. | G5: СҮД: ХЭМ4.1к. 30 см өндөртэй тавцан дээрээс үсэрч бууна. | H5: СҮД: ХЭМ4.1м. Бөмбөгийг хана руу шиднэ, барьж авна. | I5: СҮД: НСХ4.1б. Өөрийн дуртай дургүй, чадах чадахгүй зүйлсийг тайлбарлаж сонголт хийдэг болно. | J5: СҮД: НСХ4.1б. Өөрийн дуртай дургүй, чадах чадахгүй зүйлсийг тайлбарлаж сонголт хийдэг болно. | K5: СҮД: БНО4.2б. Өөрийн болон бусдын гэр бүлийг хүндэтгэн ойлгож, ажил хөдөлмөрт нь туслан оролцоно. | L5: СҮД: НСХ4.1в. Тайвшрах аргаас насанд хүрэгчийн тусламжтай хэрэглэдэг болно. | M5: СҮД: ХЯ4.1б. Үгийн эхэнд болон төгсгөлд орсон авиаг сонсоод ялгаж хэлнэ. | N5: СҮД: ХЯ4.3а. Номын агуулга, үйл явдлыг тайлбарлан ярина. | O5: СҮД: ХЯ4.2д. Үйл явдлыг төсөөлж, зохиож ярина. | P5: СҮД: ХЯ4.3в. Дармал үсгийг дагуулж бичнэ. | Q5: СҮД: ХЯ4.2г. Үзсэн, оролцсон, болсон үйл явдлыг нийлмэл өгүүлбэрээр ярина. | R5: СҮД: МАТ4.1а. 20 хүртэлх тоог цээжээр тоолох, 10 хүртэлх тооны юмсыг оноож тоолох, тоог таних, өгсөн тооноос эхэлж 1-ээр нэмэгдүүлэн, хорогдуулан тоолох, тоог жишнэ. (бодит юмсын олон, цөөнийг ялгаж жиших) | S5: СҮД: МАТ4.1а. 20 хүртэлх тоог цээжээр тоолох, 10 хүртэлх тооны юмсыг оноож тоолох, тоог таних, өгсөн тооноос эхэлж 1-ээр нэмэгдүүлэн, хорогдуулан тоолох, тоог жишнэ. (бодит юмсын олон, цөөнийг ялгаж жиших) | T5: СҮД: МАТ4.1б. Тоглоом, дүрсүүдээр зүй тогтол үүсгэн тайлбарлана. 10 хүртэлх тооны дарааллаас орхигдсон тоог тодорхойлно. | U5: СҮД: МАТ4.3в. Чиглэл, байршлыг ялгаж хэрэглэнэ. (баруун, зүүн, баруун тийш, зүүн тийш) | V5: СҮД: МАТ4.2а. Юмсын урт, хүнд, багтаамжийг таамаглаад, харьцуулж, тайлбарлана. | W5: СҮД: МАТ4.3а. Тоглоом юмсын ижил ялгаатай шинжийг нэрлэж, ангилж, тайлбарлана. | X5: СҮД: ЗУ4.2а. Сэдвийн хүрээнд хүрээлэн буй орчин, хүн, амьтан, эд юмсыг зохиомжлон зурна. | Y5: СҮД: ЗУ4.2г. Баримлын шаврыг байгалийн материалтай хослуулж сэдэвт баримал барина. | Z5: СҮД: ЗУ4.2д. Сэдвийн хүрээнд өөрийн бодол төсөөллөөр наамлын бүтээл урлана. | AA5: СҮД: ЗУ4.2е. Тоглоом болон байгалийн материал, дахин ашиглах материалаас сонгож шинэ загвар бүтээнэ. | AB5: СҮД: ХӨГ4.1а. Хөгжмийн энгийн зэмсгийг дуугаралтаар ялгаж, өнгө аясыг тодорхойлно. | AC5: СҮД: ХӨГ4.1б. Дуу, аялгууг гарын дохиогоор дуулж, аялна. | AD5: СҮД: ХӨГ4.1в. Дуу, аялгууны хэмнэлийг хөгжмийн энгийн зэмсгээр хамтран хөгжимдөнө. | AE5: СҮД: ХӨГ4.1г. Хэмнэл, хурд, өнгө аясад тохируулан хөдөлгөөнөө хийнэ.
D6: 1 / 0 | E6: 1 / 0 | F6: 1 / 0 | G6: 1 / 0 | H6: 1 / 0 | I6: 1 / 0 | J6: 1 / 0 | K6: 1 / 0 | L6: 1 / 0 | M6: 1 / 0 | N6: 1 / 0 | O6: 1 / 0 | P6: 1 / 0 | Q6: 1 / 0 | R6: 1 / 0 | S6: 1 / 0 | T6: 1 / 0 | U6: 1 / 0 | V6: 1 / 0 | W6: 1 / 0 | X6: 1 / 0 | Y6: 1 / 0 | Z6: 1 / 0 | AA6: 1 / 0 | AB6: 1 / 0 | AC6: 1 / 0 | AD6: 1 / 0 | AE6: 1 / 0
A7: 1 | B7: =IF(Нэгтгэл!B7="","",Нэгтгэл!B7) | D7: 1 | E7: 1 | F7: 1 | G7: 1 | H7: 1 | I7: 1 | J7: 1 | K7: 0 | L7: 0 | M7: 1 | N7: 1 | O7: 1 | P7: 1 | Q7: 1 | R7: 1 | S7: 1 | T7: 0 | U7: 0 | V7: 1 | W7: 0 | X7: 1 | Y7: 1 | Z7: 1 | AA7: 0 | AB7: 1 | AC7: 1 | AD7: 1 | AE7: 1 | AF7: =COUNTIF(D7:AE7,1) | AG7: =IF(COUNT(D7:AE7)=0,"",ROUND(AF7/28*100,1)) | AH7: =COUNTIF(D7:AE7,0) | AI7: =IF(COUNT(D7:AE7)=0,"",ROUND(AH7/28*100,1)) | AJ7: =IF(AG7="","",IF(AG7>=Нэгтгэл!$K$4,"Хангалттай эзэмшиж байна",IF(AG7>=Нэгтгэл!$K$5,"Ахиж байна","Хөгжиж байна")))
A8: 2 | B8: =IF(Нэгтгэл!B8="","",Нэгтгэл!B8) | D8: 1 | E8: 1 | F8: 1 | G8: 1 | H8: 1 | I8: 1 | J8: 1 | K8: 0 | L8: 1 | M8: 1 | N8: 1 | O8: 0 | P8: 1 | Q8: 1 | R8: 0 | S8: 1 | T8: 1 | U8: 1 | V8: 1 | W8: 1 | X8: 1 | Y8: 1 | Z8: 1 | AA8: 0 | AB8: 0 | AC8: 1 | AD8: 1 | AE8: 0 | AF8: =COUNTIF(D8:AE8,1) | AG8: =IF(COUNT(D8:AE8)=0,"",ROUND(AF8/28*100,1)) | AH8: =COUNTIF(D8:AE8,0) | AI8: =IF(COUNT(D8:AE8)=0,"",ROUND(AH8/28*100,1)) | AJ8: =IF(AG8="","",IF(AG8>=Нэгтгэл!$K$4,"Хангалттай эзэмшиж байна",IF(AG8>=Нэгтгэл!$K$5,"Ахиж байна","Хөгжиж байна")))
A9: 3 | B9: =IF(Нэгтгэл!B9="","",Нэгтгэл!B9) | D9: 1 | E9: 0 | F9: 0 | G9: 1 | H9: 1 | I9: 0 | J9: 1 | K9: 1 | L9: 1 | M9: 0 | N9: 1 | O9: 1 | P9: 1 | Q9: 1 | R9: 0 | S9: 1 | T9: 0 | U9: 1 | V9: 1 | W9: 0 | X9: 1 | Y9: 0 | Z9: 1 | AA9: 1 | AB9: 1 | AC9: 1 | AD9: 1 | AE9: 0 | AF9: =COUNTIF(D9:AE9,1) | AG9: =IF(COUNT(D9:AE9)=0,"",ROUND(AF9/28*100,1)) | AH9: =COUNTIF(D9:AE9,0) | AI9: =IF(COUNT(D9:AE9)=0,"",ROUND(AH9/28*100,1)) | AJ9: =IF(AG9="","",IF(AG9>=Нэгтгэл!$K$4,"Хангалттай эзэмшиж байна",IF(AG9>=Нэгтгэл!$K$5,"Ахиж байна","Хөгжиж байна")))
A10: 4 | B10: =IF(Нэгтгэл!B10="","",Нэгтгэл!B10) | D10: 0 | E10: 1 | F10: 0 | G10: 1 | H10: 1 | I10: 1 | J10: 1 | K10: 1 | L10: 1 | M10: 1 | N10: 1 | O10: 0 | P10: 0 | Q10: 0 | R10: 1 | S10: 1 | T10: 0 | U10: 1 | V10: 1 | W10: 0 | X10: 0 | Y10: 1 | Z10: 0 | AA10: 1 | AB10: 1 | AC10: 1 | AD10: 1 | AE10: 1 | AF10: =COUNTIF(D10:AE10,1) | AG10: =IF(COUNT(D10:AE10)=0,"",ROUND(AF10/28*100,1)) | AH10: =COUNTIF(D10:AE10,0) | AI10: =IF(COUNT(D10:AE10)=0,"",ROUND(AH10/28*100,1)) | AJ10: =IF(AG10="","",IF(AG10>=Нэгтгэл!$K$4,"Хангалттай эзэмшиж байна",IF(AG10>=Нэгтгэл!$K$5,"Ахиж байна","Хөгжиж байна")))
A11: 5 | B11: =IF(Нэгтгэл!B11="","",Нэгтгэл!B11) | D11: 1 | E11: 0 | F11: 1 | G11: 1 | H11: 0 | I11: 1 | J11: 0 | K11: 0 | L11: 1 | M11: 1 | N11: 1 | O11: 1 | P11: 1 | Q11: 1 | R11: 0 | S11: 1 | T11: 0 | U11: 0 | V11: 1 | W11: 1 | X11: 1 | Y11: 1 | Z11: 1 | AA11: 1 | AB11: 1 | AC11: 0 | AD11: 1 | AE11: 1 | AF11: =COUNTIF(D11:AE11,1) | AG11: =IF(COUNT(D11:AE11)=0,"",ROUND(AF11/28*100,1)) | AH11: =COUNTIF(D11:AE11,0) | AI11: =IF(COUNT(D11:AE11)=0,"",ROUND(AH11/28*100,1)) | AJ11: =IF(AG11="","",IF(AG11>=Нэгтгэл!$K$4,"Хангалттай эзэмшиж байна",IF(AG11>=Нэгтгэл!$K$5,"Ахиж байна","Хөгжиж байна")))
A12: 6 | B12: =IF(Нэгтгэл!B12="","",Нэгтгэл!B12) | D12: 0 | E12: 1 | F12: 0 | G12: 1 | H12: 1 | I12: 1 | J12: 1 | K12: 0 | L12: 1 | M12: 0 | N12: 1 | O12: 1 | P12: 1 | Q12: 1 | R12: 0 | S12: 1 | T12: 1 | U12: 0 | V12: 1 | W12: 1 | X12: 1 | Y12: 0 | Z12: 1 | AA12: 1 | AB12: 1 | AC12: 1 | AD12: 1 | AE12: 1 | AF12: =COUNTIF(D12:AE12,1) | AG12: =IF(COUNT(D12:AE12)=0,"",ROUND(AF12/28*100,1)) | AH12: =COUNTIF(D12:AE12,0) | AI12: =IF(COUNT(D12:AE12)=0,"",ROUND(AH12/28*100,1)) | AJ12: =IF(AG12="","",IF(AG12>=Нэгтгэл!$K$4,"Хангалттай эзэмшиж байна",IF(AG12>=Нэгтгэл!$K$5,"Ахиж байна","Хөгжиж байна")))
A13: 7 | B13: =IF(Нэгтгэл!B13="","",Нэгтгэл!B13) | D13: 1 | E13: 1 | F13: 1 | G13: 1 | H13: 0 | I13: 0 | J13: 1 | K13: 1 | L13: 1 | M13: 1 | N13: 1 | O13: 1 | P13: 0 | Q13: 1 | R13: 0 | S13: 1 | T13: 0 | U13: 0 | V13: 1 | W13: 0 | X13: 1 | Y13: 1 | Z13: 1 | AA13: 1 | AB13: 1 | AC13: 1 | AD13: 1 | AE13: 1 | AF13: =COUNTIF(D13:AE13,1) | AG13: =IF(COUNT(D13:AE13)=0,"",ROUND(AF13/28*100,1)) | AH13: =COUNTIF(D13:AE13,0) | AI13: =IF(COUNT(D13:AE13)=0,"",ROUND(AH13/28*100,1)) | AJ13: =IF(AG13="","",IF(AG13>=Нэгтгэл!$K$4,"Хангалттай эзэмшиж байна",IF(AG13>=Нэгтгэл!$K$5,"Ахиж байна","Хөгжиж байна")))
A14: 8 | B14: =IF(Нэгтгэл!B14="","",Нэгтгэл!B14) | D14: 1 | E14: 0 | F14: 0 | G14: 0 | H14: 1 | I14: 0 | J14: 1 | K14: 1 | L14: 1 | M14: 1 | N14: 1 | O14: 1 | P14: 1 | Q14: 1 | R14: 1 | S14: 0 | T14: 1 | U14: 1 | V14: 1 | W14: 1 | X14: 1 | Y14: 1 | Z14: 1 | AA14: 1 | AB14: 1 | AC14: 0 | AD14: 1 | AE14: 0 | AF14: =COUNTIF(D14:AE14,1) | AG14: =IF(COUNT(D14:AE14)=0,"",ROUND(AF14/28*100,1)) | AH14: =COUNTIF(D14:AE14,0) | AI14: =IF(COUNT(D14:AE14)=0,"",ROUND(AH14/28*100,1)) | AJ14: =IF(AG14="","",IF(AG14>=Нэгтгэл!$K$4,"Хангалттай эзэмшиж байна",IF(AG14>=Нэгтгэл!$K$5,"Ахиж байна","Хөгжиж байна")))
A15: 9 | B15: =IF(Нэгтгэл!B15="","",Нэгтгэл!B15) | D15: 1 | E15: 1 | F15: 1 | G15: 1 | H15: 0 | I15: 1 | J15: 1 | K15: 1 | L15: 0 | M15: 1 | N15: 0 | O15: 0 | P15: 1 | Q15: 0 | R15: 1 | S15: 1 | T15: 1 | U15: 1 | V15: 0 | W15: 1 | X15: 1 | Y15: 1 | Z15: 1 | AA15: 0 | AB15: 1 | AC15: 1 | AD15: 1 | AE15: 1 | AF15: =COUNTIF(D15:AE15,1) | AG15: =IF(COUNT(D15:AE15)=0,"",ROUND(AF15/28*100,1)) | AH15: =COUNTIF(D15:AE15,0) | AI15: =IF(COUNT(D15:AE15)=0,"",ROUND(AH15/28*100,1)) | AJ15: =IF(AG15="","",IF(AG15>=Нэгтгэл!$K$4,"Хангалттай эзэмшиж байна",IF(AG15>=Нэгтгэл!$K$5,"Ахиж байна","Хөгжиж байна")))
A16: 10 | B16: =IF(Нэгтгэл!B16="","",Нэгтгэл!B16) | D16: 0 | E16: 1 | F16: 1 | G16: 1 | H16: 1 | I16: 1 | J16: 1 | K16: 1 | L16: 1 | M16: 1 | N16: 1 | O16: 1 | P16: 0 | Q16: 1 | R16: 1 | S16: 0 | T16: 0 | U16: 1 | V16: 0 | W16: 1 | X16: 1 | Y16: 1 | Z16: 1 | AA16: 1 | AB16: 1 | AC16: 0 | AD16: 0 | AE16: 0 | AF16: =COUNTIF(D16:AE16,1) | AG16: =IF(COUNT(D16:AE16)=0,"",ROUND(AF16/28*100,1)) | AH16: =COUNTIF(D16:AE16,0) | AI16: =IF(COUNT(D16:AE16)=0,"",ROUND(AH16/28*100,1)) | AJ16: =IF(AG16="","",IF(AG16>=Нэгтгэл!$K$4,"Хангалттай эзэмшиж байна",IF(AG16>=Нэгтгэл!$K$5,"Ахиж байна","Хөгжиж байна")))
A17: 11 | B17: =IF(Нэгтгэл!B17="","",Нэгтгэл!B17) | D17: 1 | E17: 1 | F17: 0 | G17: 1 | H17: 1 | I17: 1 | J17: 1 | K17: 0 | L17: 1 | M17: 0 | N17: 1 | O17: 1 | P17: 1 | Q17: 1 | R17: 1 | S17: 1 | T17: 1 | U17: 1 | V17: 1 | W17: 1 | X17: 0 | Y17: 1 | Z17: 1 | AA17: 1 | AB17: 1 | AC17: 1 | AD17: 0 | AE17: 1 | AF17: =COUNTIF(D17:AE17,1) | AG17: =IF(COUNT(D17:AE17)=0,"",ROUND(AF17/28*100,1)) | AH17: =COUNTIF(D17:AE17,0) | AI17: =IF(COUNT(D17:AE17)=0,"",ROUND(AH17/28*100,1)) | AJ17: =IF(AG17="","",IF(AG17>=Нэгтгэл!$K$4,"Хангалттай эзэмшиж байна",IF(AG17>=Нэгтгэл!$K$5,"Ахиж байна","Хөгжиж байна")))
A18: 12 | B18: =IF(Нэгтгэл!B18="","",Нэгтгэл!B18) | D18: 1 | E18: 1 | F18: 0 | G18: 0 | H18: 1 | I18: 1 | J18: 1 | K18: 1 | L18: 1 | M18: 1 | N18: 1 | O18: 0 | P18: 1 | Q18: 0 | R18: 1 | S18: 1 | T18: 1 | U18: 1 | V18: 0 | W18: 1 | X18: 1 | Y18: 0 | Z18: 0 | AA18: 1 | AB18: 1 | AC18: 0 | AD18: 1 | AE18: 0 | AF18: =COUNTIF(D18:AE18,1) | AG18: =IF(COUNT(D18:AE18)=0,"",ROUND(AF18/28*100,1)) | AH18: =COUNTIF(D18:AE18,0) | AI18: =IF(COUNT(D18:AE18)=0,"",ROUND(AH18/28*100,1)) | AJ18: =IF(AG18="","",IF(AG18>=Нэгтгэл!$K$4,"Хангалттай эзэмшиж байна",IF(AG18>=Нэгтгэл!$K$5,"Ахиж байна","Хөгжиж байна")))
... A55: 49 | B55: =IF(Нэгтгэл!B55="","",Нэгтгэл!B55) | D55: 0 | E55: 1 | F55: 1 | G55: 0 | H55: 1 | I55: 1 | J55: 1 | K55: 1 | L55: 1 | M55: 1 | N55: 1 | O55: 1 | P55: 1 | Q55: 1 | R55: 1 | S55: 1 | T55: 1 | U55: 0 | V55: 0 | W55: 1 | X55: 0 | Y55: 0 | Z55: 1 | AA55: 1 | AB55: 1 | AC55: 0 | AD55: 0 | AE55: 1 | AF55: =COUNTIF(D55:AE55,1) | AG55: =IF(COUNT(D55:AE55)=0,"",ROUND(AF55/28*100,1)) | AH55: =COUNTIF(D55:AE55,0) | AI55: =IF(COUNT(D55:AE55)=0,"",ROUND(AH55/28*100,1)) | AJ55: =IF(AG55="","",IF(AG55>=Нэгтгэл!$K$4,"Хангалттай эзэмшиж байна",IF(AG55>=Нэгтгэл!$K$5,"Ахиж байна","Хөгжиж байна")))
A56: Чадна (1) | D56: =COUNTIF(D7:D55,1) | E56: =COUNTIF(E7:E55,1) | F56: =COUNTIF(F7:F55,1) | G56: =COUNTIF(G7:G55,1) | H56: =COUNTIF(H7:H55,1) | I56: =COUNTIF(I7:I55,1) | J56: =COUNTIF(J7:J55,1) | K56: =COUNTIF(K7:K55,1) | ... AE56: =COUNTIF(AE7:AE55,1) | AF56: Хангалттай эзэмшиж байна | AJ56: =COUNTIF(AJ7:AJ55,"Хангалттай эзэмшиж байна")
A57: Хувь | D57: =IF(COUNT(D7:D55)=0,"",ROUND(COUNTIF(D7:D55,1)/COUNT(D7:D55)*100,1)) | E57: =IF(COUNT(E7:E55)=0,"",ROUND(COUNTIF(E7:E55,1)/COUNT(E7:E55)*100,1)) | F57: =IF(COUNT(F7:F55)=0,"",ROUND(COUNTIF(F7:F55,1)/COUNT(F7:F55)*100,1)) | G57: =IF(COUNT(G7:G55)=0,"",ROUND(COUNTIF(G7:G55,1)/COUNT(G7:G55)*100,1)) | H57: =IF(COUNT(H7:H55)=0,"",ROUND(COUNTIF(H7:H55,1)/COUNT(H7:H55)*100,1)) | I57: =IF(COUNT(I7:I55)=0,"",ROUND(COUNTIF(I7:I55,1)/COUNT(I7:I55)*100,1)) | J57: =IF(COUNT(J7:J55)=0,"",ROUND(COUNTIF(J7:J55,1)/COUNT(J7:J55)*100,1)) | K57: =IF(COUNT(K7:K55)=0,"",ROUND(COUNTIF(K7:K55,1)/COUNT(K7:K55)*100,1)) | ... AE57: =IF(COUNT(AE7:AE55)=0,"",ROUND(COUNTIF(AE7:AE55,1)/COUNT(AE7:AE55)*100,1)) | AF57: Ахиж байна | AJ57: =COUNTIF(AJ7:AJ55,"Ахиж байна")
A58: Чадахгүй (0) | D58: =COUNTIF(D7:D55,0) | E58: =COUNTIF(E7:E55,0) | F58: =COUNTIF(F7:F55,0) | G58: =COUNTIF(G7:G55,0) | H58: =COUNTIF(H7:H55,0) | I58: =COUNTIF(I7:I55,0) | J58: =COUNTIF(J7:J55,0) | K58: =COUNTIF(K7:K55,0) | ... AE58: =COUNTIF(AE7:AE55,0) | AF58: Хөгжиж байна | AJ58: =COUNTIF(AJ7:AJ55,"Хөгжиж байна")
A59: Хувь | D59: =IF(COUNT(D7:D55)=0,"",ROUND(COUNTIF(D7:D55,0)/COUNT(D7:D55)*100,1)) | E59: =IF(COUNT(E7:E55)=0,"",ROUND(COUNTIF(E7:E55,0)/COUNT(E7:E55)*100,1)) | F59: =IF(COUNT(F7:F55)=0,"",ROUND(COUNTIF(F7:F55,0)/COUNT(F7:F55)*100,1)) | G59: =IF(COUNT(G7:G55)=0,"",ROUND(COUNTIF(G7:G55,0)/COUNT(G7:G55)*100,1)) | H59: =IF(COUNT(H7:H55)=0,"",ROUND(COUNTIF(H7:H55,0)/COUNT(H7:H55)*100,1)) | I59: =IF(COUNT(I7:I55)=0,"",ROUND(COUNTIF(I7:I55,0)/COUNT(I7:I55)*100,1)) | J59: =IF(COUNT(J7:J55)=0,"",ROUND(COUNTIF(J7:J55,0)/COUNT(J7:J55)*100,1)) | K59: =IF(COUNT(K7:K55)=0,"",ROUND(COUNTIF(K7:K55,0)/COUNT(K7:K55)*100,1)) | ... AE59: =IF(COUNT(AE7:AE55)=0,"",ROUND(COUNTIF(AE7:AE55,0)/COUNT(AE7:AE55)*100,1))

Sheet Төлөвшил
A1: ................ ЦЭЦЭРЛЭГИЙН БЭЛТГЭЛ БҮЛГИЙН (5 НАС) ГАРААНЫ (ОНОШЛОХ) ҮНЭЛГЭЭ
A2: Үнэлгээний хүрээ: Төлөвшил Огноо: 20.... оны .... сар Багш: ................................ Чадна = 1, Чадахгүй = 0 (А/79 журам, IV түвшний шалгуур)
A3: № | B3: Хүүхдийн код | D3: Үнэлгээний хүрээ: Төлөвшил | Q3: Чадна (1) | R3: Хувь | S3: Чадахгүй (0) | T3: Хувь | U3: Түвшин
D4: Хувийн ариун цэвэр сахихын ач холбогдлыг ойлгож, тогтмол дагаж мөрддөг. | E4: Хоол хүнс, зууш бэлтгэхэд өөрийн хэмжээнд оролцож тусалдаг. | F4: Бохирдсон хоолны хэрэгслийг насанд хүрэгчидтэй хамтран цэвэрлэдэг. | G4: Ухаалаг төхөөрөмжийг хэрэглэх үедээ бусдын заавар, дүрмийг мөрддөг. | H4: Тоглоомын дүрэм баримтлан хамтран тоглодог. | I4: Гэр бүл, цэцэрлэг, анги, олон нийтийн газарт тогтсон дүрмийг баримталдаг. | J4: Өөрийнх нь үйлдэл бусдын сэтгэлийн хөдөлгөөнд нөлөөлж буйг мэдэж зохицон харилцдаг. | K4: Харилцан ярианд идэвх санаачилга (асуулт асуух гэх мэт)-тай оролцдог. | L4: Амьтдыг хайрлан хамгаалдаг. | M4: Бусдын сонирхол, ялгаатай байдалд хүндэтгэлтэй ханддаг. | N4: Орчиндоо хариуцлагатай байж, хог ангилж, байгаль бохирдуулахгүй байх үйлийг хийдэг. | O4: Үндэсний соёл, зан заншлын зарим үйлийг бие даан болон найз нөхөдтэйгээ хамтран хийдэг. | P4: Дүрийн зан чанарын талаар харилцан ярилцдаг.
D5: СҮД: ХЭМ4.2а. Хувийн ариун цэвэр сахих үйлийг өөрийн санаачилгаар бие даан хийнэ. | E5: СҮД: ХЭМ4.2в. Хүнсний бүтээгдэхүүний төрлийг мэдэж, насанд хүрэгчтэй хамтран хялбар зууш бэлтгэнэ. | F5: СҮД: ХЭМ4.2г. Хоолны хэрэгслийг угааж, цэвэрлэхэд насанд хүрэгчтэй хамтран оролцоно. | G5: СҮД: ХЭМ4.2з. Ухаалаг төхөөрөмжийн хэрэглээний эерэг, сөрөг нөлөөг тайлбарлан, зохистой хэрэглэх цаг, дүрмийг мөрдөж, бусдад сануулна. | H5: СҮД: НСХ4.3в. Өдөр тутмын үйл ажиллагаанд тодорхой дүрэм баримтлан хамтран оролцдог болно. | I5: СҮД: НСХ4.3в. Өдөр тутмын үйл ажиллагаанд тодорхой дүрэм баримтлан хамтран оролцдог болно. | J5: СҮД: НСХ4.3а. Хүмүүс хоорондоо хэрхэн харилцан хамааралтай байдгийг тайлбарладаг болно. | K5: СҮД: ХЯ4.2а. Тодорхой сэдвээр санаа бодлоо илэрхийлж, идэвхтэй ярилцана. | L5: СҮД: БНО4.1а. Амьтдын үр төл, идэш тэжээл, амьдрах орчны ялгааг тайлбарлаж, хайрлан хамгаалах үйлд оролцоно. | M5: СҮД: БНО4.2а. Өөрийнхөө тухай танилцуулж, бусдын сонирхол, ялгаатай байдалд хүндэтгэлтэй хандана. | N5: СҮД: БНО4.2г. Орчны эд зүйлсийг гамтай хэрэглэж, ус бохирдуулахгүй байх, хог хаягдал ангилах үйлд хариуцлагатай хандана. | O5: СҮД: БНО4.2д. Өөрийн үндэсний өв соёлыг бусад үндэстний соёлоос ялган таньж, уламжлалт зан үйл, ёс заншлаар бахархана. | P5: СҮД: ХӨГ4.1д. Дүрийн зан чанар, харилцааг илэрхийлж хамтран тоглоно.
D6: 1 / 0 | E6: 1 / 0 | F6: 1 / 0 | G6: 1 / 0 | H6: 1 / 0 | I6: 1 / 0 | J6: 1 / 0 | K6: 1 / 0 | L6: 1 / 0 | M6: 1 / 0 | N6: 1 / 0 | O6: 1 / 0 | P6: 1 / 0
A7: 1 | B7: =IF(Нэгтгэл!B7="","",Нэгтгэл!B7) | D7: 0 | E7: 1 | F7: 1 | G7: 0 | H7: 0 | I7: 0 | J7: 1 | K7: 0 | L7: 1 | M7: 1 | N7: 1 | O7: 1 | P7: 1 | Q7: =COUNTIF(D7:P7,1) | R7: =IF(COUNT(D7:P7)=0,"",ROUND(Q7/13*100,1)) | S7: =COUNTIF(D7:P7,0) | T7: =IF(COUNT(D7:P7)=0,"",ROUND(S7/13*100,1)) | U7: =IF(R7="","",IF(R7>=Нэгтгэл!$K$4,"Хангалттай эзэмшиж байна",IF(R7>=Нэгтгэл!$K$5,"Ахиж байна","Хөгжиж байна")))
A8: 2 | B8: =IF(Нэгтгэл!B8="","",Нэгтгэл!B8) | D8: 1 | E8: 1 | F8: 0 | G8: 1 | H8: 1 | I8: 1 | J8: 0 | K8: 1 | L8: 1 | M8: 0 | N8: 1 | O8: 1 | P8: 0 | Q8: =COUNTIF(D8:P8,1) | R8: =IF(COUNT(D8:P8)=0,"",ROUND(Q8/13*100,1)) | S8: =COUNTIF(D8:P8,0) | T8: =IF(COUNT(D8:P8)=0,"",ROUND(S8/13*100,1)) | U8: =IF(R8="","",IF(R8>=Нэгтгэл!$K$4,"Хангалттай эзэмшиж байна",IF(R8>=Нэгтгэл!$K$5,"Ахиж байна","Хөгжиж байна")))
A9: 3 | B9: =IF(Нэгтгэл!B9="","",Нэгтгэл!B9) | D9: 1 | E9: 1 | F9: 0 | G9: 1 | H9: 1 | I9: 1 | J9: 0 | K9: 1 | L9: 0 | M9: 1 | N9: 0 | O9: 0 | P9: 0 | Q9: =COUNTIF(D9:P9,1) | R9: =IF(COUNT(D9:P9)=0,"",ROUND(Q9/13*100,1)) | S9: =COUNTIF(D9:P9,0) | T9: =IF(COUNT(D9:P9)=0,"",ROUND(S9/13*100,1)) | U9: =IF(R9="","",IF(R9>=Нэгтгэл!$K$4,"Хангалттай эзэмшиж байна",IF(R9>=Нэгтгэл!$K$5,"Ахиж байна","Хөгжиж байна")))
A10: 4 | B10: =IF(Нэгтгэл!B10="","",Нэгтгэл!B10) | D10: 0 | E10: 1 | F10: 0 | G10: 1 | H10: 0 | I10: 1 | J10: 0 | K10: 1 | L10: 1 | M10: 1 | N10: 1 | O10: 1 | P10: 1 | Q10: =COUNTIF(D10:P10,1) | R10: =IF(COUNT(D10:P10)=0,"",ROUND(Q10/13*100,1)) | S10: =COUNTIF(D10:P10,0) | T10: =IF(COUNT(D10:P10)=0,"",ROUND(S10/13*100,1)) | U10: =IF(R10="","",IF(R10>=Нэгтгэл!$K$4,"Хангалттай эзэмшиж байна",IF(R10>=Нэгтгэл!$K$5,"Ахиж байна","Хөгжиж байна")))
A11: 5 | B11: =IF(Нэгтгэл!B11="","",Нэгтгэл!B11) | D11: 1 | E11: 0 | F11: 1 | G11: 1 | H11: 0 | I11: 1 | J11: 1 | K11: 1 | L11: 1 | M11: 1 | N11: 0 | O11: 0 | P11: 1 | Q11: =COUNTIF(D11:P11,1) | R11: =IF(COUNT(D11:P11)=0,"",ROUND(Q11/13*100,1)) | S11: =COUNTIF(D11:P11,0) | T11: =IF(COUNT(D11:P11)=0,"",ROUND(S11/13*100,1)) | U11: =IF(R11="","",IF(R11>=Нэгтгэл!$K$4,"Хангалттай эзэмшиж байна",IF(R11>=Нэгтгэл!$K$5,"Ахиж байна","Хөгжиж байна")))
A12: 6 | B12: =IF(Нэгтгэл!B12="","",Нэгтгэл!B12) | D12: 1 | E12: 0 | F12: 1 | G12: 0 | H12: 1 | I12: 1 | J12: 0 | K12: 1 | L12: 1 | M12: 0 | N12: 1 | O12: 0 | P12: 1 | Q12: =COUNTIF(D12:P12,1) | R12: =IF(COUNT(D12:P12)=0,"",ROUND(Q12/13*100,1)) | S12: =COUNTIF(D12:P12,0) | T12: =IF(COUNT(D12:P12)=0,"",ROUND(S12/13*100,1)) | U12: =IF(R12="","",IF(R12>=Нэгтгэл!$K$4,"Хангалттай эзэмшиж байна",IF(R12>=Нэгтгэл!$K$5,"Ахиж байна","Хөгжиж байна")))
A13: 7 | B13: =IF(Нэгтгэл!B13="","",Нэгтгэл!B13) | D13: 1 | E13: 0 | F13: 0 | G13: 1 | H13: 0 | I13: 1 | J13: 1 | K13: 1 | L13: 1 | M13: 0 | N13: 1 | O13: 1 | P13: 1 | Q13: =COUNTIF(D13:P13,1) | R13: =IF(COUNT(D13:P13)=0,"",ROUND(Q13/13*100,1)) | S13: =COUNTIF(D13:P13,0) | T13: =IF(COUNT(D13:P13)=0,"",ROUND(S13/13*100,1)) | U13: =IF(R13="","",IF(R13>=Нэгтгэл!$K$4,"Хангалттай эзэмшиж байна",IF(R13>=Нэгтгэл!$K$5,"Ахиж байна","Хөгжиж байна")))
A14: 8 | B14: =IF(Нэгтгэл!B14="","",Нэгтгэл!B14) | D14: 1 | E14: 1 | F14: 1 | G14: 1 | H14: 0 | I14: 1 | J14: 0 | K14: 1 | L14: 1 | M14: 1 | N14: 1 | O14: 1 | P14: 0 | Q14: =COUNTIF(D14:P14,1) | R14: =IF(COUNT(D14:P14)=0,"",ROUND(Q14/13*100,1)) | S14: =COUNTIF(D14:P14,0) | T14: =IF(COUNT(D14:P14)=0,"",ROUND(S14/13*100,1)) | U14: =IF(R14="","",IF(R14>=Нэгтгэл!$K$4,"Хангалттай эзэмшиж байна",IF(R14>=Нэгтгэл!$K$5,"Ахиж байна","Хөгжиж байна")))
A15: 9 | B15: =IF(Нэгтгэл!B15="","",Нэгтгэл!B15) | D15: 1 | E15: 1 | F15: 1 | G15: 1 | H15: 1 | I15: 1 | J15: 0 | K15: 1 | L15: 1 | M15: 1 | N15: 1 | O15: 1 | P15: 1 | Q15: =COUNTIF(D15:P15,1) | R15: =IF(COUNT(D15:P15)=0,"",ROUND(Q15/13*100,1)) | S15: =COUNTIF(D15:P15,0) | T15: =IF(COUNT(D15:P15)=0,"",ROUND(S15/13*100,1)) | U15: =IF(R15="","",IF(R15>=Нэгтгэл!$K$4,"Хангалттай эзэмшиж байна",IF(R15>=Нэгтгэл!$K$5,"Ахиж байна","Хөгжиж байна")))
A16: 10 | B16: =IF(Нэгтгэл!B16="","",Нэгтгэл!B16) | D16: 1 | E16: 1 | F16: 1 | G16: 1 | H16: 1 | I16: 1 | J16: 1 | K16: 0 | L16: 1 | M16: 1 | N16: 1 | O16: 1 | P16: 1 | Q16: =COUNTIF(D16:P16,1) | R16: =IF(COUNT(D16:P16)=0,"",ROUND(Q16/13*100,1)) | S16: =COUNTIF(D16:P16,0) | T16: =IF(COUNT(D16:P16)=0,"",ROUND(S16/13*100,1)) | U16: =IF(R16="","",IF(R16>=Нэгтгэл!$K$4,"Хангалттай эзэмшиж байна",IF(R16>=Нэгтгэл!$K$5,"Ахиж байна","Хөгжиж байна")))
A17: 11 | B17: =IF(Нэгтгэл!B17="","",Нэгтгэл!B17) | D17: 1 | E17: 1 | F17: 1 | G17: 1 | H17: 1 | I17: 0 | J17: 1 | K17: 1 | L17: 1 | M17: 1 | N17: 0 | O17: 1 | P17: 1 | Q17: =COUNTIF(D17:P17,1) | R17: =IF(COUNT(D17:P17)=0,"",ROUND(Q17/13*100,1)) | S17: =COUNTIF(D17:P17,0) | T17: =IF(COUNT(D17:P17)=0,"",ROUND(S17/13*100,1)) | U17: =IF(R17="","",IF(R17>=Нэгтгэл!$K$4,"Хангалттай эзэмшиж байна",IF(R17>=Нэгтгэл!$K$5,"Ахиж байна","Хөгжиж байна")))
A18: 12 | B18: =IF(Нэгтгэл!B18="","",Нэгтгэл!B18) | D18: 1 | E18: 1 | F18: 1 | G18: 0 | H18: 1 | I18: 0 | J18: 1 | K18: 1 | L18: 1 | M18: 0 | N18: 1 | O18: 1 | P18: 1 | Q18: =COUNTIF(D18:P18,1) | R18: =IF(COUNT(D18:P18)=0,"",ROUND(Q18/13*100,1)) | S18: =COUNTIF(D18:P18,0) | T18: =IF(COUNT(D18:P18)=0,"",ROUND(S18/13*100,1)) | U18: =IF(R18="","",IF(R18>=Нэгтгэл!$K$4,"Хангалттай эзэмшиж байна",IF(R18>=Нэгтгэл!$K$5,"Ахиж байна","Хөгжиж байна")))
... A55: 49 | B55: =IF(Нэгтгэл!B55="","",Нэгтгэл!B55) | D55: 0 | E55: 1 | F55: 1 | G55: 1 | H55: 0 | I55: 1 | J55: 1 | K55: 1 | L55: 1 | M55: 1 | N55: 1 | O55: 1 | P55: 1 | Q55: =COUNTIF(D55:P55,1) | R55: =IF(COUNT(D55:P55)=0,"",ROUND(Q55/13*100,1)) | S55: =COUNTIF(D55:P55,0) | T55: =IF(COUNT(D55:P55)=0,"",ROUND(S55/13*100,1)) | U55: =IF(R55="","",IF(R55>=Нэгтгэл!$K$4,"Хангалттай эзэмшиж байна",IF(R55>=Нэгтгэл!$K$5,"Ахиж байна","Хөгжиж байна")))
A56: Чадна (1) | D56: =COUNTIF(D7:D55,1) | E56: =COUNTIF(E7:E55,1) | F56: =COUNTIF(F7:F55,1) | G56: =COUNTIF(G7:G55,1) | H56: =COUNTIF(H7:H55,1) | I56: =COUNTIF(I7:I55,1) | J56: =COUNTIF(J7:J55,1) | K56: =COUNTIF(K7:K55,1) | ... P56: =COUNTIF(P7:P55,1) | Q56: Хангалттай эзэмшиж байна | U56: =COUNTIF(U7:U55,"Хангалттай эзэмшиж байна")
A57: Хувь | D57: =IF(COUNT(D7:D55)=0,"",ROUND(COUNTIF(D7:D55,1)/COUNT(D7:D55)*100,1)) | E57: =IF(COUNT(E7:E55)=0,"",ROUND(COUNTIF(E7:E55,1)/COUNT(E7:E55)*100,1)) | F57: =IF(COUNT(F7:F55)=0,"",ROUND(COUNTIF(F7:F55,1)/COUNT(F7:F55)*100,1)) | G57: =IF(COUNT(G7:G55)=0,"",ROUND(COUNTIF(G7:G55,1)/COUNT(G7:G55)*100,1)) | H57: =IF(COUNT(H7:H55)=0,"",ROUND(COUNTIF(H7:H55,1)/COUNT(H7:H55)*100,1)) | I57: =IF(COUNT(I7:I55)=0,"",ROUND(COUNTIF(I7:I55,1)/COUNT(I7:I55)*100,1)) | J57: =IF(COUNT(J7:J55)=0,"",ROUND(COUNTIF(J7:J55,1)/COUNT(J7:J55)*100,1)) | K57: =IF(COUNT(K7:K55)=0,"",ROUND(COUNTIF(K7:K55,1)/COUNT(K7:K55)*100,1)) | ... P57: =IF(COUNT(P7:P55)=0,"",ROUND(COUNTIF(P7:P55,1)/COUNT(P7:P55)*100,1)) | Q57: Ахиж байна | U57: =COUNTIF(U7:U55,"Ахиж байна")
A58: Чадахгүй (0) | D58: =COUNTIF(D7:D55,0) | E58: =COUNTIF(E7:E55,0) | F58: =COUNTIF(F7:F55,0) | G58: =COUNTIF(G7:G55,0) | H58: =COUNTIF(H7:H55,0) | I58: =COUNTIF(I7:I55,0) | J58: =COUNTIF(J7:J55,0) | K58: =COUNTIF(K7:K55,0) | ... P58: =COUNTIF(P7:P55,0) | Q58: Хөгжиж байна | U58: =COUNTIF(U7:U55,"Хөгжиж байна")
A59: Хувь | D59: =IF(COUNT(D7:D55)=0,"",ROUND(COUNTIF(D7:D55,0)/COUNT(D7:D55)*100,1)) | E59: =IF(COUNT(E7:E55)=0,"",ROUND(COUNTIF(E7:E55,0)/COUNT(E7:E55)*100,1)) | F59: =IF(COUNT(F7:F55)=0,"",ROUND(COUNTIF(F7:F55,0)/COUNT(F7:F55)*100,1)) | G59: =IF(COUNT(G7:G55)=0,"",ROUND(COUNTIF(G7:G55,0)/COUNT(G7:G55)*100,1)) | H59: =IF(COUNT(H7:H55)=0,"",ROUND(COUNTIF(H7:H55,0)/COUNT(H7:H55)*100,1)) | I59: =IF(COUNT(I7:I55)=0,"",ROUND(COUNTIF(I7:I55,0)/COUNT(I7:I55)*100,1)) | J59: =IF(COUNT(J7:J55)=0,"",ROUND(COUNTIF(J7:J55,0)/COUNT(J7:J55)*100,1)) | K59: =IF(COUNT(K7:K55)=0,"",ROUND(COUNTIF(K7:K55,0)/COUNT(K7:K55)*100,1)) | ... P59: =IF(COUNT(P7:P55)=0,"",ROUND(COUNTIF(P7:P55,0)/COUNT(P7:P55)*100,1))
